,Dates,age,4th Dose,1st Dose,2nd Dose,3rd Dose,daily_doses
0,2022-03-09,05-11,0,0,0,0,0
1,2022-03-09,12-15,9,1628718,817500,6354,0
2,2022-03-09,16-17,348,923642,694414,138866,0
3,2022-03-09,18-24,2235,3712053,3372697,1879857,0
4,2022-03-09,25-29,2475,3012135,2793283,1674643,0
5,2022-03-09,30-34,3509,3309667,3109125,2010565,0
6,2022-03-09,35-39,4588,3305201,3150784,2211913,0
7,2022-03-09,40-44,6101,3238952,3124229,2379481,0
8,2022-03-09,45-49,8602,3283234,3196755,2602629,0
9,2022-03-09,50-54,13221,3682134,3609238,3123916,0
10,2022-03-09,55-59,18171,3677583,3618884,3244766,0
11,2022-03-09,60-64,22774,3197707,3154976,2910602,0
12,2022-03-09,65-69,28634,2719764,2687929,2536719,0
13,2022-03-09,70-74,39513,2740349,2710721,2591742,0
14,2022-03-09,75-79,37055,2109067,2082509,1984703,0
15,2022-03-09,80+,43092,2910132,2830933,2580909,0
16,2022-03-10,05-11,0,0,0,0,0
17,2022-03-10,12-15,9,1629941,823426,6498,0
18,2022-03-10,16-17,351,923968,695495,140960,3
19,2022-03-10,18-24,2262,3712589,3373996,1882762,27
20,2022-03-10,25-29,2492,3012410,2794149,1676618,17
21,2022-03-10,30-34,3545,3309857,3109872,2012365,36
22,2022-03-10,35-39,4630,3305321,3151269,2213496,42
23,2022-03-10,40-44,6164,3239035,3124580,2380621,63
24,2022-03-10,45-49,8680,3283286,3196992,2603595,78
25,2022-03-10,50-54,13328,3682163,3609417,3124633,107
26,2022-03-10,55-59,18349,3677605,3619012,3245380,178
27,2022-03-10,60-64,22971,3197711,3155049,2910990,197
28,2022-03-10,65-69,28855,2719753,2687970,2536982,221
29,2022-03-10,70-74,39846,2740329,2710759,2591958,333
30,2022-03-10,75-79,37406,2109066,2082522,1984837,351
31,2022-03-10,80+,43579,2910139,2830954,2581141,487
32,2022-03-11,05-11,0,0,0,0,0
33,2022-03-11,12-15,9,1631108,829401,6619,0
34,2022-03-11,16-17,361,924334,696810,143933,10
35,2022-03-11,18-24,2281,3713079,3375387,1885657,19
36,2022-03-11,25-29,2511,3012726,2795178,1678675,19
37,2022-03-11,30-34,3581,3310094,3110743,2014339,36
38,2022-03-11,35-39,4672,3305511,3151913,2215202,42
39,2022-03-11,40-44,6237,3239106,3125003,2381938,73
40,2022-03-11,45-49,8764,3283360,3197288,2604597,84
41,2022-03-11,50-54,13456,3682180,3609617,3125475,128
42,2022-03-11,55-59,18506,3677640,3619136,3246081,157
43,2022-03-11,60-64,23160,3197723,3155118,2911401,189
44,2022-03-11,65-69,29101,2719747,2688029,2537212,246
45,2022-03-11,70-74,40163,2740306,2710780,2592214,317
46,2022-03-11,75-79,37720,2109062,2082546,1984988,314
47,2022-03-11,80+,44070,2910142,2830979,2581380,491
48,2022-03-12,05-11,0,0,0,0,0
49,2022-03-12,12-15,10,1632721,838736,6939,1
50,2022-03-12,16-17,366,924796,698574,148936,5
51,2022-03-12,18-24,2305,3713846,3377096,1888864,24
52,2022-03-12,25-29,2540,3013178,2796368,1681043,29
53,2022-03-12,30-34,3623,3310443,3111733,2016547,42
54,2022-03-12,35-39,4723,3305785,3152637,2217120,51
55,2022-03-12,40-44,6307,3239246,3125436,2383450,70
56,2022-03-12,45-49,8872,3283462,3197592,2605769,108
57,2022-03-12,50-54,13591,3682253,3609831,3126310,135
58,2022-03-12,55-59,18680,3677688,3619277,3246732,174
59,2022-03-12,60-64,23362,3197753,3155209,2911758,202
60,2022-03-12,65-69,29347,2719769,2688082,2537419,246
61,2022-03-12,70-74,40454,2740312,2710800,2592365,291
62,2022-03-12,75-79,38024,2109070,2082560,1985076,304
63,2022-03-12,80+,44490,2910150,2830990,2581519,420
64,2022-03-13,05-11,0,0,0,0,0
65,2022-03-13,12-15,10,1633534,843793,7086,0
66,2022-03-13,16-17,367,925026,699594,151809,1
67,2022-03-13,18-24,2320,3714160,3377848,1890531,15
68,2022-03-13,25-29,2557,3013373,2796939,1682219,17
69,2022-03-13,30-34,3638,3310610,3112204,2017621,15
70,2022-03-13,35-39,4735,3305899,3152954,2218051,12
71,2022-03-13,40-44,6348,3239309,3125632,2384146,41
72,2022-03-13,45-49,8919,3283512,3197709,2606411,47
73,2022-03-13,50-54,13654,3682291,3609924,3126698,63
74,2022-03-13,55-59,18777,3677707,3619333,3247009,97
75,2022-03-13,60-64,23467,3197767,3155249,2911922,105
76,2022-03-13,65-69,29429,2719781,2688094,2537511,82
77,2022-03-13,70-74,40573,2740316,2710806,2592434,119
78,2022-03-13,75-79,38137,2109076,2082572,1985103,113
79,2022-03-13,80+,44679,2910152,2830999,2581565,189
80,2022-03-14,05-11,0,0,0,0,0
81,2022-03-14,12-15,10,1634480,848719,7172,0
82,2022-03-14,16-17,369,925301,700758,153950,2
83,2022-03-14,18-24,2333,3714621,3379129,1893175,13
84,2022-03-14,25-29,2580,3013647,2797862,1683959,23
85,2022-03-14,30-34,3672,3310781,3112993,2019268,34
86,2022-03-14,35-39,4777,3306020,3153498,2219433,42
87,2022-03-14,40-44,6393,3239371,3125997,2385217,45
88,2022-03-14,45-49,8974,3283553,3197932,2607292,55
89,2022-03-14,50-54,13764,3682300,3610114,3127360,110
90,2022-03-14,55-59,18907,3677716,3619459,3247548,130
91,2022-03-14,60-64,23592,3197763,3155327,2912298,125
92,2022-03-14,65-69,29584,2719781,2688142,2537733,155
93,2022-03-14,70-74,40785,2740310,2710824,2592653,212
94,2022-03-14,75-79,38345,2109071,2082592,1985225,208
95,2022-03-14,80+,44964,2910152,2831028,2581753,285
96,2022-03-15,05-11,0,0,0,0,0
97,2022-03-15,12-15,11,1635556,854108,7308,1
98,2022-03-15,16-17,372,925653,702126,156358,3
99,2022-03-15,18-24,2350,3715139,3380649,1895840,17
100,2022-03-15,25-29,2608,3013949,2798864,1685925,28
101,2022-03-15,30-34,3699,3311016,3113868,2021045,27
102,2022-03-15,35-39,4818,3306224,3154123,2220974,41
103,2022-03-15,40-44,6454,3239463,3126406,2386400,61
104,2022-03-15,45-49,9050,3283610,3198234,2608274,76
105,2022-03-15,50-54,13851,3682331,3610339,3128060,87
106,2022-03-15,55-59,19040,3677747,3619607,3248054,133
107,2022-03-15,60-64,23760,3197753,3155423,2912680,168
108,2022-03-15,65-69,29765,2719778,2688210,2537981,181
109,2022-03-15,70-74,41050,2740306,2710846,2592858,265
110,2022-03-15,75-79,38596,2109060,2082605,1985354,251
111,2022-03-15,80+,45339,2910159,2831046,2581925,375
112,2022-03-16,05-11,0,0,0,0,0
113,2022-03-16,12-15,13,1636505,859684,7454,2
114,2022-03-16,16-17,379,925988,703623,158968,7
115,2022-03-16,18-24,2362,3715510,3382107,1898816,12
116,2022-03-16,25-29,2630,3014180,2799782,1687832,22
117,2022-03-16,30-34,3719,3311227,3114771,2022744,20
118,2022-03-16,35-39,4864,3306369,3154695,2222389,46
119,2022-03-16,40-44,6519,3239546,3126809,2387526,65
120,2022-03-16,45-49,9125,3283668,3198511,2609147,75
121,2022-03-16,50-54,13969,3682340,3610540,3128782,118
122,2022-03-16,55-59,19188,3677726,3619738,3248584,148
123,2022-03-16,60-64,23916,3197763,3155499,2913040,156
124,2022-03-16,65-69,29945,2719764,2688251,2538197,180
125,2022-03-16,70-74,41342,2740285,2710887,2593085,292
126,2022-03-16,75-79,38891,2109059,2082631,1985478,295
127,2022-03-16,80+,45722,2910152,2831079,2582132,383
128,2022-03-17,05-11,0,0,0,0,0
129,2022-03-17,12-15,13,1637473,865086,7624,0
130,2022-03-17,16-17,383,926233,704942,161275,4
131,2022-03-17,18-24,2379,3715944,3383491,1901329,17
132,2022-03-17,25-29,2654,3014420,2800624,1689648,24
133,2022-03-17,30-34,3753,3311438,3115527,2024317,34
134,2022-03-17,35-39,4893,3306488,3155166,2223752,29
135,2022-03-17,40-44,6562,3239623,3127128,2388581,43
136,2022-03-17,45-49,9191,3283699,3198751,2610062,66
137,2022-03-17,50-54,14059,3682358,3610720,3129418,90
138,2022-03-17,55-59,19320,3677726,3619857,3249076,132
139,2022-03-17,60-64,24084,3197761,3155551,2913409,168
140,2022-03-17,65-69,30132,2719765,2688291,2538445,187
141,2022-03-17,70-74,41625,2740280,2710913,2593312,283
142,2022-03-17,75-79,39157,2109060,2082650,1985611,266
143,2022-03-17,80+,46084,2910153,2831107,2582340,362
144,2022-03-18,05-11,0,0,0,0,0
145,2022-03-18,12-15,14,1638485,870868,7820,1
146,2022-03-18,16-17,383,926520,706401,164060,0
147,2022-03-18,18-24,2389,3716285,3384843,1903931,10
148,2022-03-18,25-29,2668,3014683,2801481,1691453,14
149,2022-03-18,30-34,3777,3311632,3116323,2026046,24
150,2022-03-18,35-39,4933,3306639,3155714,2225232,40
151,2022-03-18,40-44,6624,3239691,3127482,2389822,62
152,2022-03-18,45-49,9256,3283743,3199000,2611032,65
153,2022-03-18,50-54,14152,3682392,3610903,3130148,93
154,2022-03-18,55-59,19474,3677745,3620007,3249652,154
155,2022-03-18,60-64,24240,3197762,3155629,2913769,156
156,2022-03-18,65-69,30319,2719761,2688332,2538678,187
157,2022-03-18,70-74,41866,2740274,2710934,2593528,241
158,2022-03-18,75-79,39400,2109047,2082666,1985736,243
159,2022-03-18,80+,46468,2910149,2831139,2582549,384
160,2022-03-19,05-11,0,0,0,0,0
161,2022-03-19,12-15,16,1639994,879957,8243,2
162,2022-03-19,16-17,385,926925,708399,168805,2
163,2022-03-19,18-24,2417,3716870,3386231,1906769,28
164,2022-03-19,25-29,2688,3014995,2802501,1693585,20
165,2022-03-19,30-34,3813,3311862,3117148,2028080,36
166,2022-03-19,35-39,4983,3306816,3156335,2226876,50
167,2022-03-19,40-44,6673,3239790,3127842,2391153,49
168,2022-03-19,45-49,9333,3283814,3199290,2612135,77
169,2022-03-19,50-54,14235,3682438,3611119,3130893,83
170,2022-03-19,55-59,19626,3677784,3620141,3250205,152
171,2022-03-19,60-64,24415,3197771,3155711,2914096,175
172,2022-03-19,65-69,30521,2719759,2688372,2538856,202
173,2022-03-19,70-74,42115,2740264,2710955,2593688,249
174,2022-03-19,75-79,39605,2109048,2082676,1985825,205
175,2022-03-19,80+,46782,2910158,2831158,2582643,314
176,2022-03-20,05-11,0,0,0,0,0
177,2022-03-20,12-15,17,1640666,884462,8467,1
178,2022-03-20,16-17,388,927117,709358,171261,3
179,2022-03-20,18-24,2423,3717178,3386963,1908262,6
180,2022-03-20,25-29,2699,3015163,2803019,1694673,11
181,2022-03-20,30-34,3824,3311999,3117546,2029010,11
182,2022-03-20,35-39,5004,3306890,3156615,2227637,21
183,2022-03-20,40-44,6698,3239843,3128014,2391757,25
184,2022-03-20,45-49,9370,3283848,3199426,2612655,37
185,2022-03-20,50-54,14275,3682465,3611212,3131259,40
186,2022-03-20,55-59,19676,3677794,3620185,3250453,50
187,2022-03-20,60-64,24481,3197780,3155749,2914261,66
188,2022-03-20,65-69,30576,2719762,2688389,2538926,55
189,2022-03-20,70-74,42195,2740264,2710963,2593745,80
190,2022-03-20,75-79,39675,2109047,2082682,1985866,70
191,2022-03-20,80+,46912,2910158,2831162,2582680,130
192,2022-03-21,05-11,0,0,0,0,0
193,2022-03-21,12-15,47,1641526,889500,8631,30
194,2022-03-21,16-17,625,927385,710356,173489,237
195,2022-03-21,18-24,4344,3717545,3388132,1910661,1921
196,2022-03-21,25-29,5211,3015375,2803783,1696317,2512
197,2022-03-21,30-34,7609,3312183,3118150,2030525,3785
198,2022-03-21,35-39,10326,3307016,3157064,2228946,5322
199,2022-03-21,40-44,14291,3239924,3128308,2392733,7593
200,2022-03-21,45-49,19939,3283876,3199635,2613415,10569
201,2022-03-21,50-54,29554,3682501,3611343,3131909,15279
202,2022-03-21,55-59,39111,3677810,3620313,3250940,19435
203,2022-03-21,60-64,46509,3197788,3155824,2914568,22028
204,2022-03-21,65-69,55017,2719756,2688435,2539097,24441
205,2022-03-21,70-74,73099,2740258,2710994,2593913,30904
206,2022-03-21,75-79,69118,2109050,2082705,1985985,29443
207,2022-03-21,80+,78099,2910168,2831191,2582903,31187
208,2022-03-22,05-11,0,0,0,0,0
209,2022-03-22,12-15,48,1642422,894025,8827,1
210,2022-03-22,16-17,641,927629,711444,175752,16
211,2022-03-22,18-24,4426,3717896,3389313,1913151,82
212,2022-03-22,25-29,5284,3015605,2804554,1698099,73
213,2022-03-22,30-34,7762,3312331,3118823,2032172,153
214,2022-03-22,35-39,10533,3307133,3157488,2230338,207
215,2022-03-22,40-44,14578,3239990,3128606,2393795,287
216,2022-03-22,45-49,20327,3283914,3199811,2614312,388
217,2022-03-22,50-54,30115,3682522,3611484,3132555,561
218,2022-03-22,55-59,39778,3677828,3620423,3251483,667
219,2022-03-22,60-64,47260,3197794,3155891,2914902,751
220,2022-03-22,65-69,55877,2719750,2688469,2539292,860
221,2022-03-22,70-74,76352,2740253,2711025,2594113,3253
222,2022-03-22,75-79,82772,2109060,2082732,1986154,13654
223,2022-03-22,80+,95565,2910171,2831236,2583194,17466
224,2022-03-23,05-11,0,0,0,0,0
225,2022-03-23,12-15,50,1643376,898929,9061,2
226,2022-03-23,16-17,651,927958,712688,178435,10
227,2022-03-23,18-24,4513,3718389,3390534,1915752,87
228,2022-03-23,25-29,5407,3015843,2805400,1699802,123
229,2022-03-23,30-34,7904,3312536,3119507,2033748,142
230,2022-03-23,35-39,10747,3307281,3157988,2231683,214
231,2022-03-23,40-44,14857,3240064,3128908,2394914,279
232,2022-03-23,45-49,20760,3283970,3200027,2615156,433
233,2022-03-23,50-54,30705,3682559,3611641,3133217,590
234,2022-03-23,55-59,40520,3677851,3620527,3252003,742
235,2022-03-23,60-64,48139,3197819,3155974,2915225,879
236,2022-03-23,65-69,56799,2719771,2688503,2539500,922
237,2022-03-23,70-74,80411,2740265,2711054,2594327,4059
238,2022-03-23,75-79,102136,2109064,2082754,1986383,19364
239,2022-03-23,80+,123132,2910195,2831269,2583516,27567
240,2022-03-24,05-11,0,0,0,0,0
241,2022-03-24,12-15,54,1644239,903537,9285,4
242,2022-03-24,16-17,668,928210,713731,180808,17
243,2022-03-24,18-24,4599,3718829,3391628,1918100,86
244,2022-03-24,25-29,5495,3016066,2806128,1701344,88
245,2022-03-24,30-34,8041,3312733,3120154,2035193,137
246,2022-03-24,35-39,10932,3307387,3158472,2232905,185
247,2022-03-24,40-44,15072,3240125,3129188,2395772,215
248,2022-03-24,45-49,21149,3284005,3200243,2615977,389
249,2022-03-24,50-54,31245,3682593,3611751,3133821,540
250,2022-03-24,55-59,41240,3677886,3620623,3252442,720
251,2022-03-24,60-64,48927,3197834,3156057,2915497,788
252,2022-03-24,65-69,57660,2719782,2688547,2539688,861
253,2022-03-24,70-74,84626,2740269,2711084,2594502,4215
254,2022-03-24,75-79,123011,2109073,2082789,1986582,20875
255,2022-03-24,80+,153810,2910194,2831313,2583890,30678
256,2022-03-25,05-11,0,0,0,0,0
257,2022-03-25,12-15,57,1645158,908678,9564,3
258,2022-03-25,16-17,687,928502,714853,183214,19
259,2022-03-25,18-24,4680,3719220,3392857,1920501,81
260,2022-03-25,25-29,5602,3016311,2806953,1702926,107
261,2022-03-25,30-34,8186,3312908,3120854,2036687,145
262,2022-03-25,35-39,11164,3307508,3158994,2234245,232
263,2022-03-25,40-44,15366,3240195,3129530,2396890,294
264,2022-03-25,45-49,21617,3284063,3200500,2616822,468
265,2022-03-25,50-54,31904,3682622,3611934,3134464,659
266,2022-03-25,55-59,42036,3677915,3620746,3252927,796
267,2022-03-25,60-64,49817,3197842,3156129,2915812,890
268,2022-03-25,65-69,58639,2719796,2688582,2539910,979
269,2022-03-25,70-74,89165,2740278,2711107,2594715,4539
270,2022-03-25,75-79,145938,2109078,2082817,1986816,22927
271,2022-03-25,80+,189968,2910203,2831363,2584277,36158
272,2022-03-26,05-11,0,0,0,0,0
273,2022-03-26,12-15,60,1646650,917688,10137,3
274,2022-03-26,16-17,711,928839,716435,187199,24
275,2022-03-26,18-24,4788,3719702,3394246,1922869,108
276,2022-03-26,25-29,5711,3016574,2807867,1704597,109
277,2022-03-26,30-34,8348,3313093,3121592,2038187,162
278,2022-03-26,35-39,11402,3307663,3159534,2235506,238
279,2022-03-26,40-44,15717,3240286,3129895,2398034,351
280,2022-03-26,45-49,22113,3284118,3200716,2617716,496
281,2022-03-26,50-54,32588,3682677,3612116,3135141,684
282,2022-03-26,55-59,42922,3677955,3620872,3253386,886
283,2022-03-26,60-64,50738,3197871,3156199,2916079,921
284,2022-03-26,65-69,59665,2719807,2688619,2540110,1026
285,2022-03-26,70-74,93413,2740293,2711138,2594856,4248
286,2022-03-26,75-79,166632,2109089,2082847,1987021,20694
287,2022-03-26,80+,223529,2910221,2831399,2584553,33561
288,2022-03-27,05-11,0,0,0,0,0
289,2022-03-27,12-15,61,1647204,921208,10332,1
290,2022-03-27,16-17,717,928981,717057,188719,6
291,2022-03-27,18-24,4825,3719923,3394830,1924021,37
292,2022-03-27,25-29,5735,3016699,2808211,1705353,24
293,2022-03-27,30-34,8401,3313206,3121868,2038786,53
294,2022-03-27,35-39,11494,3307716,3159772,2236018,92
295,2022-03-27,40-44,15829,3240322,3130024,2398472,112
296,2022-03-27,45-49,22295,3284139,3200819,2618102,182
297,2022-03-27,50-54,32835,3682696,3612186,3135408,247
298,2022-03-27,55-59,43218,3677966,3620915,3253565,296
299,2022-03-27,60-64,51044,3197883,3156223,2916198,306
300,2022-03-27,65-69,59963,2719814,2688635,2540157,298
301,2022-03-27,70-74,94919,2740300,2711146,2594906,1506
302,2022-03-27,75-79,174103,2109096,2082854,1987088,7471
303,2022-03-27,80+,236168,2910228,2831409,2584664,12639
304,2022-03-28,05-11,0,0,0,0,0
305,2022-03-28,12-15,62,1647915,925232,10483,1
306,2022-03-28,16-17,724,929179,717856,190296,7
307,2022-03-28,18-24,4887,3720300,3395966,1926209,62
308,2022-03-28,25-29,5810,3016912,2808961,1706872,75
309,2022-03-28,30-34,8517,3313356,3122484,2040154,116
310,2022-03-28,35-39,11640,3307831,3160202,2237122,146
311,2022-03-28,40-44,16042,3240389,3130300,2399232,213
312,2022-03-28,45-49,22633,3284176,3200994,2618747,338
313,2022-03-28,50-54,33352,3682720,3612312,3135927,517
314,2022-03-28,55-59,43816,3677972,3620993,3253951,598
315,2022-03-28,60-64,51740,3197902,3156270,2916467,696
316,2022-03-28,65-69,60709,2719818,2688666,2540319,746
317,2022-03-28,70-74,98952,2740304,2711177,2595058,4033
318,2022-03-28,75-79,193696,2109103,2082879,1987283,19593
319,2022-03-28,80+,269271,2910227,2831443,2585018,33103
320,2022-03-29,05-11,0,0,0,0,0
321,2022-03-29,12-15,67,1648700,929479,10671,5
322,2022-03-29,16-17,733,929434,718750,191971,9
323,2022-03-29,18-24,4953,3720760,3397098,1928412,66
324,2022-03-29,25-29,5894,3017178,2809779,1708410,84
325,2022-03-29,30-34,8630,3313568,3123187,2041540,113
326,2022-03-29,35-39,11810,3307954,3160665,2238263,170
327,2022-03-29,40-44,16268,3240484,3130589,2400119,226
328,2022-03-29,45-49,22976,3284235,3201161,2619455,343
329,2022-03-29,50-54,33842,3682762,3612448,3136499,490
330,2022-03-29,55-59,44461,3677998,3621105,3254429,645
331,2022-03-29,60-64,52524,3197915,3156338,2916749,784
332,2022-03-29,65-69,61542,2719834,2688707,2540492,833
333,2022-03-29,70-74,103535,2740320,2711203,2595213,4583
334,2022-03-29,75-79,217058,2109116,2082905,1987524,23362
335,2022-03-29,80+,308643,2910242,2831487,2585406,39372
336,2022-03-30,05-11,0,0,0,0,0
337,2022-03-30,12-15,69,1649562,934351,10936,2
338,2022-03-30,16-17,745,929694,719787,193849,12
339,2022-03-30,18-24,5024,3721241,3398395,1930761,71
340,2022-03-30,25-29,5981,3017412,2810567,1710201,87
341,2022-03-30,30-34,8769,3313765,3123854,2043009,139
342,2022-03-30,35-39,11988,3308080,3161150,2239530,178
343,2022-03-30,40-44,16526,3240546,3130903,2401105,258
344,2022-03-30,45-49,23354,3284268,3201361,2620247,378
345,2022-03-30,50-54,34446,3682798,3612584,3137147,604
346,2022-03-30,55-59,45203,3678019,3621212,3254894,742
347,2022-03-30,60-64,53382,3197924,3156405,2917053,858
348,2022-03-30,65-69,62570,2719842,2688742,2540688,1028
349,2022-03-30,70-74,109001,2740325,2711240,2595399,5466
350,2022-03-30,75-79,244749,2109135,2082946,1987766,27691
351,2022-03-30,80+,352613,2910257,2831526,2585862,43970
352,2022-03-31,05-11,0,0,0,0,0
353,2022-03-31,12-15,70,1650445,938945,11231,1
354,2022-03-31,16-17,755,929987,720798,195696,10
355,2022-03-31,18-24,5104,3721719,3399658,1933018,80
356,2022-03-31,25-29,6094,3017687,2811400,1711792,113
357,2022-03-31,30-34,8896,3313968,3124523,2044458,127
358,2022-03-31,35-39,12177,3308193,3161582,2240783,189
359,2022-03-31,40-44,16779,3240609,3131213,2402051,253
360,2022-03-31,45-49,23718,3284314,3201556,2621034,364
361,2022-03-31,50-54,35037,3682839,3612764,3137694,591
362,2022-03-31,55-59,45968,3678051,3621314,3255369,765
363,2022-03-31,60-64,54307,3197931,3156477,2917361,925
364,2022-03-31,65-69,63604,2719843,2688774,2540890,1034
365,2022-03-31,70-74,115122,2740333,2711270,2595575,6121
366,2022-03-31,75-79,275796,2109152,2082983,1988002,31047
367,2022-03-31,80+,398487,2910276,2831558,2586315,45874
368,2022-04-01,05-11,0,0,0,0,0
369,2022-04-01,12-15,71,1651297,943222,11560,1
370,2022-04-01,16-17,772,930306,721750,197406,17
371,2022-04-01,18-24,5195,3722169,3400745,1935035,91
372,2022-04-01,25-29,6196,3017934,2812131,1713270,102
373,2022-04-01,30-34,9056,3314168,3125131,2045829,160
374,2022-04-01,35-39,12386,3308370,3162032,2242024,209
375,2022-04-01,40-44,17076,3240695,3131474,2403000,297
376,2022-04-01,45-49,24170,3284370,3201739,2621755,452
377,2022-04-01,50-54,35667,3682862,3612908,3138321,630
378,2022-04-01,55-59,46785,3678071,3621422,3255847,817
379,2022-04-01,60-64,55248,3197947,3156552,2917612,941
380,2022-04-01,65-69,64721,2719851,2688815,2541050,1117
381,2022-04-01,70-74,121286,2740340,2711286,2595745,6164
382,2022-04-01,75-79,306304,2109163,2083013,1988277,30508
383,2022-04-01,80+,442611,2910292,2831601,2586739,44124
384,2022-04-02,05-11,0,0,0,0,0
385,2022-04-02,12-15,82,1652586,951519,12302,11
386,2022-04-02,16-17,791,930621,722963,200259,19
387,2022-04-02,18-24,5294,3722706,3401851,1937407,99
388,2022-04-02,25-29,6305,3018231,2812939,1715030,109
389,2022-04-02,30-34,9264,3314385,3125762,2047462,208
390,2022-04-02,35-39,12611,3308513,3162469,2243293,225
391,2022-04-02,40-44,17411,3240778,3131733,2403937,335
392,2022-04-02,45-49,24656,3284427,3201907,2622617,486
393,2022-04-02,50-54,36413,3682911,3613013,3138952,746
394,2022-04-02,55-59,47762,3678107,3621517,3256314,977
395,2022-04-02,60-64,56275,3197963,3156592,2917894,1027
396,2022-04-02,65-69,65796,2719871,2688843,2541177,1075
397,2022-04-02,70-74,128007,2740351,2711304,2595892,6721
398,2022-04-02,75-79,341668,2109172,2083041,1988558,35364
399,2022-04-02,80+,495040,2910306,2831632,2587159,52429
400,2022-04-03,05-11,0,0,0,0,0
401,2022-04-03,12-15,86,1653226,955833,12662,4
402,2022-04-03,16-17,797,930761,723601,201746,6
403,2022-04-03,18-24,5349,3722970,3402369,1938690,55
404,2022-04-03,25-29,6355,3018358,2813319,1715870,50
405,2022-04-03,30-34,9336,3314497,3126059,2048254,72
406,2022-04-03,35-39,12712,3308584,3162659,2243928,101
407,2022-04-03,40-44,17552,3240819,3131855,2404494,141
408,2022-04-03,45-49,24879,3284454,3201968,2623066,223
409,2022-04-03,50-54,36737,3682933,3613060,3139321,324
410,2022-04-03,55-59,48211,3678113,3621555,3256545,449
411,2022-04-03,60-64,56686,3197968,3156607,2918002,411
412,2022-04-03,65-69,66249,2719876,2688853,2541236,453
413,2022-04-03,70-74,130825,2740356,2711314,2595945,2818
414,2022-04-03,75-79,355385,2109176,2083067,1988662,13717
415,2022-04-03,80+,515591,2910314,2831651,2587348,20551
416,2022-04-04,05-11,0,0,0,0,0
417,2022-04-04,12-15,88,1654021,959942,13028,2
418,2022-04-04,16-17,806,931030,724510,203497,9
419,2022-04-04,18-24,5430,3723458,3403357,1940975,81
420,2022-04-04,25-29,6442,3018655,2813948,1717416,87
421,2022-04-04,30-34,9436,3314718,3126547,2049573,100
422,2022-04-04,35-39,12857,3308730,3163007,2244958,145
423,2022-04-04,40-44,17767,3240880,3132055,2405377,215
424,2022-04-04,45-49,25208,3284506,3202109,2623733,329
425,2022-04-04,50-54,37234,3682974,3613172,3139897,497
426,2022-04-04,55-59,48889,3678158,3621625,3256941,678
427,2022-04-04,60-64,57409,3197974,3156658,2918265,723
428,2022-04-04,65-69,67131,2719884,2688899,2541401,882
429,2022-04-04,70-74,135945,2740360,2711333,2596104,5120
430,2022-04-04,75-79,380076,2109189,2083099,1988893,24691
431,2022-04-04,80+,552972,2910339,2831693,2587755,37381
432,2022-04-05,05-11,0,0,0,0,0
433,2022-04-05,12-15,88,1654782,963752,13355,0
434,2022-04-05,16-17,809,931301,725334,205144,3
435,2022-04-05,18-24,5514,3723910,3404375,1943243,84
436,2022-04-05,25-29,6524,3018891,2814623,1718905,82
437,2022-04-05,30-34,9570,3314923,3127081,2050967,134
438,2022-04-05,35-39,13016,3308859,3163350,2246024,159
439,2022-04-05,40-44,18002,3240946,3132280,2406184,235
440,2022-04-05,45-49,25558,3284563,3202258,2624435,350
441,2022-04-05,50-54,37850,3683006,3613277,3140440,616
442,2022-04-05,55-59,49635,3678167,3621714,3257386,746
443,2022-04-05,60-64,58290,3197985,3156709,2918542,881
444,2022-04-05,65-69,68244,2719904,2688927,2541567,1113
445,2022-04-05,70-74,141937,2740362,2711365,2596271,5992
446,2022-04-05,75-79,409054,2109208,2083132,1989151,28978
447,2022-04-05,80+,596915,2910359,2831741,2588224,43943
448,2022-04-06,05-11,0,0,0,0,0
449,2022-04-06,12-15,92,1655540,967502,13723,4
450,2022-04-06,16-17,822,931573,726234,206941,13
451,2022-04-06,18-24,5606,3724338,3405414,1945642,92
452,2022-04-06,25-29,6621,3019151,2815320,1720560,97
453,2022-04-06,30-34,9727,3315154,3127635,2052421,157
454,2022-04-06,35-39,13217,3308961,3163702,2247154,201
455,2022-04-06,40-44,18279,3241019,3132513,2407057,277
456,2022-04-06,45-49,25986,3284603,3202413,2625176,428
457,2022-04-06,50-54,38503,3683040,3613375,3140992,653
458,2022-04-06,55-59,50515,3678183,3621804,3257807,880
459,2022-04-06,60-64,59259,3197992,3156768,2918807,969
460,2022-04-06,65-69,69367,2719901,2688962,2541729,1123
461,2022-04-06,70-74,149062,2740365,2711391,2596445,7125
462,2022-04-06,75-79,442850,2109213,2083173,1989453,33796
463,2022-04-06,80+,645444,2910377,2831786,2588740,48529
464,2022-04-07,05-11,0,0,0,0,0
465,2022-04-07,12-15,98,1656344,971851,14130,6
466,2022-04-07,16-17,837,931823,727118,208935,15
467,2022-04-07,18-24,5688,3724806,3406383,1947940,82
468,2022-04-07,25-29,6720,3019399,2815913,1722120,99
469,2022-04-07,30-34,9876,3315344,3128155,2053811,149
470,2022-04-07,35-39,13420,3309077,3164009,2248368,203
471,2022-04-07,40-44,18541,3241097,3132697,2407846,262
472,2022-04-07,45-49,26423,3284646,3202566,2625867,437
473,2022-04-07,50-54,39132,3683093,3613490,3141533,629
474,2022-04-07,55-59,51382,3678220,3621880,3258233,867
475,2022-04-07,60-64,60264,3198010,3156814,2919090,1005
476,2022-04-07,65-69,70597,2719910,2689000,2541906,1230
477,2022-04-07,70-74,156634,2740369,2711412,2596599,7572
478,2022-04-07,75-79,477633,2109229,2083202,1989749,34783
479,2022-04-07,80+,693647,2910394,2831832,2589247,48203
480,2022-04-08,05-11,0,0,0,0,0
481,2022-04-08,12-15,102,1657228,976538,14644,4
482,2022-04-08,16-17,858,932104,728044,210976,21
483,2022-04-08,18-24,5766,3725244,3407447,1950280,78
484,2022-04-08,25-29,6822,3019703,2816701,1723820,102
485,2022-04-08,30-34,10019,3315588,3128736,2055450,143
486,2022-04-08,35-39,13623,3309228,3164391,2249678,203
487,2022-04-08,40-44,18853,3241173,3132916,2408800,312
488,2022-04-08,45-49,26841,3284689,3202728,2626639,418
489,2022-04-08,50-54,39794,3683135,3613629,3142178,662
490,2022-04-08,55-59,52278,3678256,3621972,3258696,896
491,2022-04-08,60-64,61300,3198036,3156874,2919373,1036
492,2022-04-08,65-69,71812,2719920,2689034,2542115,1215
493,2022-04-08,70-74,164296,2740380,2711450,2596789,7662
494,2022-04-08,75-79,513377,2109244,2083233,1990034,35744
495,2022-04-08,80+,743688,2910418,2831886,2589848,50041
496,2022-04-09,05-11,0,0,0,0,0
497,2022-04-09,12-15,111,1658494,984288,15601,9
498,2022-04-09,16-17,881,932440,729144,213546,23
499,2022-04-09,18-24,5894,3725792,3408609,1952957,128
500,2022-04-09,25-29,6963,3019998,2817467,1725776,141
501,2022-04-09,30-34,10282,3315794,3129379,2057257,263
502,2022-04-09,35-39,13973,3309369,3164810,2251129,350
503,2022-04-09,40-44,19298,3241254,3133166,2409934,445
504,2022-04-09,45-49,27511,3284758,3202899,2627540,670
505,2022-04-09,50-54,40877,3683169,3613744,3142893,1083
506,2022-04-09,55-59,53582,3678281,3622050,3259209,1304
507,2022-04-09,60-64,62710,3198054,3156930,2919658,1410
508,2022-04-09,65-69,73343,2719932,2689064,2542300,1531
509,2022-04-09,70-74,174632,2740387,2711467,2596947,10336
510,2022-04-09,75-79,563417,2109252,2083272,1990331,50040
511,2022-04-09,80+,809448,2910438,2831929,2590369,65760
512,2022-04-10,05-11,0,0,0,0,0
513,2022-04-10,12-15,114,1659103,988612,16069,3
514,2022-04-10,16-17,888,932610,729738,215017,7
515,2022-04-10,18-24,5949,3726083,3409197,1954472,55
516,2022-04-10,25-29,7020,3020165,2817861,1726852,57
517,2022-04-10,30-34,10371,3315920,3129703,2058259,89
518,2022-04-10,35-39,14095,3309452,3164997,2251916,122
519,2022-04-10,40-44,19484,3241305,3133289,2410497,186
520,2022-04-10,45-49,27760,3284794,3202960,2627954,249
521,2022-04-10,50-54,41263,3683191,3613794,3143273,386
522,2022-04-10,55-59,54057,3678293,3622089,3259462,475
523,2022-04-10,60-64,63265,3198065,3156952,2919789,555
524,2022-04-10,65-69,73909,2719938,2689077,2542378,566
525,2022-04-10,70-74,178233,2740390,2711474,2596991,3601
526,2022-04-10,75-79,580176,2109264,2083282,1990432,16759
527,2022-04-10,80+,831482,2910442,2831940,2590534,22034
528,2022-04-11,05-11,0,0,0,0,0
529,2022-04-11,12-15,115,1660133,993892,16743,1
530,2022-04-11,16-17,898,932915,730763,217380,10
531,2022-04-11,18-24,6022,3726520,3410112,1956966,73
532,2022-04-11,25-29,7106,3020413,2818519,1728585,86
533,2022-04-11,30-34,10511,3316074,3130180,2059768,140
534,2022-04-11,35-39,14268,3309561,3165294,2253023,173
535,2022-04-11,40-44,19712,3241371,3133488,2411347,228
536,2022-04-11,45-49,28097,3284842,3203103,2628647,337
537,2022-04-11,50-54,41723,3683228,3613907,3143874,460
538,2022-04-11,55-59,54738,3678309,3622176,3259930,681
539,2022-04-11,60-64,64061,3198073,3156999,2920047,796
540,2022-04-11,65-69,74850,2719928,2689101,2542546,941
541,2022-04-11,70-74,183749,2740397,2711495,2597132,5516
542,2022-04-11,75-79,605725,2109280,2083316,1990666,25549
543,2022-04-11,80+,867409,2910457,2831982,2590906,35927
544,2022-04-12,05-11,0,0,0,0,0
545,2022-04-12,12-15,117,1661043,998746,17356,2
546,2022-04-12,16-17,913,933204,731766,219634,15
547,2022-04-12,18-24,6117,3726980,3411120,1959538,95
548,2022-04-12,25-29,7193,3020634,2819153,1730356,87
549,2022-04-12,30-34,10626,3316261,3130707,2061338,115
550,2022-04-12,35-39,14478,3309677,3165643,2254195,210
551,2022-04-12,40-44,19962,3241459,3133661,2412302,250
552,2022-04-12,45-49,28444,3284877,3203266,2629363,347
553,2022-04-12,50-54,42284,3683255,3614007,3144435,561
554,2022-04-12,55-59,55522,3678328,3622258,3260463,784
555,2022-04-12,60-64,64978,3198085,3157042,2920322,917
556,2022-04-12,65-69,75931,2719936,2689134,2542726,1081
557,2022-04-12,70-74,191374,2740404,2711517,2597311,7625
558,2022-04-12,75-79,639947,2109307,2083342,1990935,34222
559,2022-04-12,80+,912888,2910471,2832037,2591441,45479
560,2022-04-13,05-11,0,0,0,0,0
561,2022-04-13,12-15,74,1575202,898564,8451,-43
562,2022-04-13,16-17,618,899293,654943,143302,-295
563,2022-04-13,18-24,5899,3668973,3331489,1865795,-218
564,2022-04-13,25-29,7005,2988164,2785938,1698378,-188
565,2022-04-13,30-34,10374,3306122,3116840,2036849,-252
566,2022-04-13,35-39,14204,3308747,3160451,2230397,-274
567,2022-04-13,40-44,19703,3273651,3161497,2415184,-259
568,2022-04-13,45-49,27228,3223374,3140733,2559243,-1216
569,2022-04-13,50-54,41412,3663674,3592843,3109340,-872
570,2022-04-13,55-59,54997,3701875,3644189,3269624,-525
571,2022-04-13,60-64,64963,3266565,3223926,2973940,-15
572,2022-04-13,65-69,75623,2763368,2731684,2577378,-308
573,2022-04-13,70-74,114569,2678880,2650449,2536105,-76805
574,2022-04-13,75-79,707902,2269217,2242447,2146414,67955
575,2022-04-13,80+,1025141,3107160,3025947,2776054,112253
576,2022-04-14,05-11,0,0,0,0,0
577,2022-04-14,12-15,77,1576853,903600,8758,3
578,2022-04-14,16-17,631,899723,656634,145424,13
579,2022-04-14,18-24,5994,3669737,3332764,1868789,95
580,2022-04-14,25-29,7105,2988511,2786651,1700079,100
581,2022-04-14,30-34,10530,3306435,3117456,2038435,156
582,2022-04-14,35-39,14397,3308928,3160862,2231641,193
583,2022-04-14,40-44,19970,3273768,3161764,2416062,267
584,2022-04-14,45-49,27641,3223449,3140891,2560015,413
585,2022-04-14,50-54,42007,3663747,3592996,3110019,595
586,2022-04-14,55-59,55860,3701911,3644288,3270162,863
587,2022-04-14,60-64,65943,3266597,3223998,2974281,980
588,2022-04-14,65-69,76805,2763387,2731730,2577581,1182
589,2022-04-14,70-74,117559,2678899,2650484,2536291,2990
590,2022-04-14,75-79,744153,2269238,2242499,2146712,36251
591,2022-04-14,80+,1070397,3107183,3025999,2776754,45256
592,2022-04-15,05-11,0,0,0,0,0
593,2022-04-15,12-15,80,1577571,906108,8908,3
594,2022-04-15,16-17,632,899864,657254,146207,1
595,2022-04-15,18-24,6032,3669987,3333245,1869935,38
596,2022-04-15,25-29,7141,2988678,2786914,1700782,36
597,2022-04-15,30-34,10579,3306564,3117688,2039086,49
598,2022-04-15,35-39,14454,3309000,3161022,2232114,57
599,2022-04-15,40-44,20079,3273827,3161854,2416421,109
600,2022-04-15,45-49,27770,3223484,3140950,2560260,129
601,2022-04-15,50-54,42216,3663770,3593045,3110249,209
602,2022-04-15,55-59,56138,3701931,3644310,3270330,278
603,2022-04-15,60-64,66268,3266615,3224020,2974372,325
604,2022-04-15,65-69,77102,2763396,2731741,2577619,297
605,2022-04-15,70-74,118370,2678907,2650490,2536335,811
606,2022-04-15,75-79,754787,2269245,2242509,2146776,10634
607,2022-04-15,80+,1083067,3107191,3026008,2776885,12670
608,2022-04-16,05-11,0,0,0,0,0
609,2022-04-16,12-15,81,1579004,911840,9178,1
610,2022-04-16,16-17,637,900170,658577,148143,5
611,2022-04-16,18-24,6091,3670384,3334227,1871982,59
612,2022-04-16,25-29,7190,2988874,2787457,1701964,49
613,2022-04-16,30-34,10676,3306732,3118124,2040239,97
614,2022-04-16,35-39,14569,3309090,3161310,2232996,115
615,2022-04-16,40-44,20246,3273880,3162030,2417056,167
616,2022-04-16,45-49,28003,3223526,3141061,2560856,233
617,2022-04-16,50-54,42568,3663803,3593134,3110677,352
618,2022-04-16,55-59,56638,3701949,3644363,3270683,500
619,2022-04-16,60-64,66798,3266625,3224056,2974547,530
620,2022-04-16,65-69,77708,2763401,2731756,2577712,606
621,2022-04-16,70-74,119907,2678907,2650496,2536396,1537
622,2022-04-16,75-79,773702,2269258,2242533,2146882,18915
623,2022-04-16,80+,1105481,3107203,3026030,2777062,22414
624,2022-04-17,05-11,0,0,0,0,0
625,2022-04-17,12-15,81,1579313,913024,9229,0
626,2022-04-17,16-17,640,900232,658841,148558,3
627,2022-04-17,18-24,6104,3670474,3334430,1872510,13
628,2022-04-17,25-29,7205,2988950,2787586,1702280,15
629,2022-04-17,30-34,10686,3306782,3118242,2040474,10
630,2022-04-17,35-39,14587,3309128,3161376,2233207,18
631,2022-04-17,40-44,20263,3273900,3162065,2417189,17
632,2022-04-17,45-49,28064,3223541,3141086,2560964,61
633,2022-04-17,50-54,42633,3663817,3593152,3110765,65
634,2022-04-17,55-59,56729,3701961,3644379,3270750,91
635,2022-04-17,60-64,66889,3266629,3224063,2974581,91
636,2022-04-17,65-69,77809,2763402,2731759,2577734,101
637,2022-04-17,70-74,120215,2678910,2650500,2536412,308
638,2022-04-17,75-79,777581,2269259,2242537,2146906,3879
639,2022-04-17,80+,1110043,3107208,3026034,2777100,4562
640,2022-04-18,05-11,0,0,0,0,0
641,2022-04-18,12-15,82,1579785,914638,9294,1
642,2022-04-18,16-17,644,900319,659290,149184,4
643,2022-04-18,18-24,6115,3670602,3334776,1873357,11
644,2022-04-18,25-29,7217,2989027,2787817,1702800,12
645,2022-04-18,30-34,10706,3306830,3118386,2040910,20
646,2022-04-18,35-39,14612,3309156,3161474,2233513,25
647,2022-04-18,40-44,20294,3273916,3162114,2417439,31
648,2022-04-18,45-49,28104,3223551,3141121,2561159,40
649,2022-04-18,50-54,42710,3663818,3593181,3110919,77
650,2022-04-18,55-59,56813,3701960,3644403,3270872,84
651,2022-04-18,60-64,66996,3266625,3224073,2974625,107
652,2022-04-18,65-69,77961,2763400,2731763,2577766,152
653,2022-04-18,70-74,120492,2678913,2650501,2536432,277
654,2022-04-18,75-79,781741,2269257,2242541,2146936,4160
655,2022-04-18,80+,1115008,3107207,3026040,2777160,4965
656,2022-04-19,05-11,0,0,0,0,0
657,2022-04-19,12-15,132,1665763,1024740,21369,50
658,2022-04-19,16-17,975,934654,736318,229256,331
659,2022-04-19,18-24,6520,3729362,3416229,1971460,405
660,2022-04-19,25-29,7609,3021978,2822437,1738318,392
661,2022-04-19,30-34,11258,3317312,3133349,2068561,552
662,2022-04-19,35-39,15280,3310299,3167298,2259628,668
663,2022-04-19,40-44,21089,3241873,3134634,2416186,795
664,2022-04-19,45-49,30077,3285156,3203952,2632679,1973
665,2022-04-19,50-54,44775,3683443,3614543,3147159,2065
666,2022-04-19,55-59,58829,3678447,3622614,3262583,2016
667,2022-04-19,60-64,68812,3198179,3157276,2921489,1816
668,2022-04-19,65-69,80554,2719963,2689268,2543457,2593
669,2022-04-19,70-74,222580,2740448,2711619,2598010,102088
670,2022-04-19,75-79,775492,2109359,2083496,1991982,-6249
671,2022-04-19,80+,1076972,2910537,2832210,2593478,-38036
672,2022-04-20,05-11,0,0,0,0,0
673,2022-04-20,12-15,86,1582171,923055,9698,-46
674,2022-04-20,16-17,662,900923,661888,152533,-313
675,2022-04-20,18-24,6270,3671573,3337234,1879288,-250
676,2022-04-20,25-29,7423,2989558,2789291,1706365,-186
677,2022-04-20,30-34,10944,3307227,3119614,2044379,-314
678,2022-04-20,35-39,14930,3309460,3162272,2236079,-350
679,2022-04-20,40-44,20795,3274066,3162573,2419254,-294
680,2022-04-20,45-49,28778,3223660,3141434,2562574,-1299
681,2022-04-20,50-54,43808,3663874,3593404,3112184,-967
682,2022-04-20,55-59,58215,3701990,3644578,3271866,-614
683,2022-04-20,60-64,68604,3266646,3224166,2975199,-208
684,2022-04-20,65-69,80067,2763391,2731833,2578166,-487
685,2022-04-20,70-74,126110,2678929,2650529,2536760,-96470
686,2022-04-20,75-79,849616,2269268,2242586,2147440,74124
687,2022-04-20,80+,1194152,3107232,3026123,2778137,117180
688,2022-04-21,05-11,0,0,0,0,0
689,2022-04-21,12-15,88,1583402,927243,9902,2
690,2022-04-21,16-17,671,901225,663134,154098,9
691,2022-04-21,18-24,6353,3672110,3338373,1882039,83
692,2022-04-21,25-29,7501,2989825,2789970,1708101,78
693,2022-04-21,30-34,11084,3307495,3120165,2046086,140
694,2022-04-21,35-39,15127,3309606,3162633,2237331,197
695,2022-04-21,40-44,21060,3274163,3162767,2420155,265
696,2022-04-21,45-49,29131,3223704,3141590,2563310,353
697,2022-04-21,50-54,44405,3663922,3593516,3112794,597
698,2022-04-21,55-59,59000,3702011,3644637,3272325,785
699,2022-04-21,60-64,69560,3266668,3224213,2975499,956
700,2022-04-21,65-69,81228,2763406,2731856,2578344,1161
701,2022-04-21,70-74,129287,2678933,2650563,2536874,3177
702,2022-04-21,75-79,886251,2269285,2242619,2147707,36635
703,2022-04-21,80+,1236532,3107255,3026171,2778730,42380
704,2022-04-22,05-11,0,0,0,0,0
705,2022-04-22,12-15,88,1584575,931404,10121,0
706,2022-04-22,16-17,681,901469,664409,155760,10
707,2022-04-22,18-24,6423,3672561,3339438,1884521,70
708,2022-04-22,25-29,7588,2990058,2790537,1709574,87
709,2022-04-22,30-34,11231,3307664,3120658,2047567,147
710,2022-04-22,35-39,15323,3309721,3162947,2238593,196
711,2022-04-22,40-44,21315,3274231,3162945,2421019,255
712,2022-04-22,45-49,29541,3223741,3141725,2563979,410
713,2022-04-22,50-54,44979,3663953,3593612,3113398,574
714,2022-04-22,55-59,59700,3702013,3644723,3272767,700
715,2022-04-22,60-64,70357,3266664,3224258,2975752,797
716,2022-04-22,65-69,82175,2763405,2731882,2578503,947
717,2022-04-22,70-74,132237,2678929,2650580,2536995,2950
718,2022-04-22,75-79,921218,2269291,2242654,2147969,34967
719,2022-04-22,80+,1275055,3107267,3026241,2779208,38523
720,2022-04-23,05-11,0,0,0,0,0
721,2022-04-23,12-15,97,1586819,940323,10552,9
722,2022-04-23,16-17,693,901817,666366,158451,12
723,2022-04-23,18-24,6561,3673129,3340842,1887873,138
724,2022-04-23,25-29,7754,2990318,2791339,1711762,166
725,2022-04-23,30-34,11497,3307876,3121234,2049676,266
726,2022-04-23,35-39,15648,3309871,3163354,2240221,325
727,2022-04-23,40-44,21775,3274322,3163146,2422233,460
728,2022-04-23,45-49,30219,3223823,3141889,2564954,678
729,2022-04-23,50-54,46086,3663980,3593726,3114158,1107
730,2022-04-23,55-59,61089,3702035,3644811,3273345,1389
731,2022-04-23,60-64,71938,3266678,3224318,2976044,1581
732,2022-04-23,65-69,83950,2763416,2731911,2578673,1775
733,2022-04-23,70-74,137919,2678935,2650605,2537099,5682
734,2022-04-23,75-79,984598,2269312,2242701,2148321,63380
735,2022-04-23,80+,1341258,3107282,3026293,2779726,66203
736,2022-04-24,05-11,0,0,0,0,0
737,2022-04-24,12-15,99,1587805,944409,10702,2
738,2022-04-24,16-17,700,901998,667257,159795,7
739,2022-04-24,18-24,6599,3673376,3341467,1889498,38
740,2022-04-24,25-29,7796,2990495,2791707,1712817,42
741,2022-04-24,30-34,11572,3307994,3121555,2050629,75
742,2022-04-24,35-39,15741,3309943,3163539,2240936,93
743,2022-04-24,40-44,21929,3274364,3163234,2422794,154
744,2022-04-24,45-49,30426,3223847,3141941,2565362,207
745,2022-04-24,50-54,46393,3664004,3593774,3114494,307
746,2022-04-24,55-59,61513,3702046,3644856,3273593,424
747,2022-04-24,60-64,72432,3266690,3224339,2976166,494
748,2022-04-24,65-69,84449,2763422,2731923,2578732,499
749,2022-04-24,70-74,139347,2678933,2650612,2537144,1428
750,2022-04-24,75-79,1001848,2269321,2242720,2148418,17250
751,2022-04-24,80+,1358705,3107280,3026310,2779872,17447
752,2022-04-25,05-11,0,0,0,0,0
753,2022-04-25,12-15,101,1588520,946937,101,2
754,2022-04-25,16-17,708,902218,668080,708,8
755,2022-04-25,18-24,6659,3673820,3342476,6659,60
756,2022-04-25,25-29,7860,2990716,2792292,7860,64
757,2022-04-25,30-34,11680,3308158,3122087,11680,108
758,2022-04-25,35-39,15883,3310049,3163853,15883,142
759,2022-04-25,40-44,22127,3274425,3163412,22127,198
760,2022-04-25,45-49,30680,3223892,3142054,30680,254
761,2022-04-25,50-54,46805,3664035,3593848,46805,412
762,2022-04-25,55-59,62076,3702062,3644919,62076,563
763,2022-04-25,60-64,73114,3266696,3224381,73114,682
764,2022-04-25,65-69,85275,2763418,2731939,85275,826
765,2022-04-25,70-74,141788,2678934,2650625,141788,2441
766,2022-04-25,75-79,1029683,2269336,2242750,1029683,27835
767,2022-04-25,80+,1391110,3107292,3026353,1391110,32405
768,2022-04-26,05-11,0,0,0,0,0
769,2022-04-26,12-15,101,1589355,950138,10880,0
770,2022-04-26,16-17,714,902460,668972,161763,6
771,2022-04-26,18-24,6726,3674202,3343473,1894182,67
772,2022-04-26,25-29,7973,2990924,2792898,1716164,113
773,2022-04-26,30-34,11824,3308311,3122536,2053780,144
774,2022-04-26,35-39,16072,3310163,3164155,2243374,189
775,2022-04-26,40-44,22371,3274481,3163586,2424480,244
776,2022-04-26,45-49,30998,3223928,3142179,2566698,318
777,2022-04-26,50-54,47308,3664057,3593933,3115638,503
778,2022-04-26,55-59,62794,3702084,3644979,3274434,718
779,2022-04-26,60-64,73993,3266706,3224420,2976668,879
780,2022-04-26,65-69,86397,2763413,2731959,2579074,1122
781,2022-04-26,70-74,145153,2678936,2650634,2537431,3365
782,2022-04-26,75-79,1064296,2269348,2242782,2148912,34613
783,2022-04-26,80+,1430316,3107302,3026421,2780891,39206
784,2022-04-27,05-11,-,261621,221,25,0
785,2022-04-27,12-15,102,1590226,953027,10992,1
786,2022-04-27,16-17,724,902699,669892,163047,10
787,2022-04-27,18-24,6807,3674646,3344501,1896887,81
788,2022-04-27,25-29,8080,2991153,2793511,1718008,107
789,2022-04-27,30-34,11979,3308495,3123004,2055507,155
790,2022-04-27,35-39,16291,3310261,3164451,2244792,219
791,2022-04-27,40-44,22688,3274542,3163757,2425395,317
792,2022-04-27,45-49,31441,3223982,3142321,2567437,443
793,2022-04-27,50-54,47941,3664086,3594030,3116226,633
794,2022-04-27,55-59,63666,3702102,3645029,3274934,872
795,2022-04-27,60-64,74999,3266722,3224459,2976989,1006
796,2022-04-27,65-69,87581,2763422,2731987,2579271,1184
797,2022-04-27,70-74,148893,2678943,2650653,2537591,3740
798,2022-04-27,75-79,1101649,2269360,2242815,2149205,37353
799,2022-04-27,80+,1472641,3107320,3026480,2781595,42325
