date,areaName,areaCode,hospitalCases,newAdmissions,newCasesBySpecimenDate,newDeaths28DaysByDeathDate,newPillarTwoTestsByPublishDate,newDeaths28DaysByPublishDate,newPillarOneTestsByPublishDate,newCasesLFDConfirmedPCRBySpecimenDate,newCasesPCROnlyBySpecimenDate,newPCRTestsByPublishDate,newLFDTests,newCasesLFDOnlyBySpecimenDate,cumPeopleVaccinatedSecondDoseByPublishDate,newCasesByPublishDate,covidOccupiedMVBeds
2023-11-23,Wales,W92000004,,,,,,,,,,,,,,969,
2023-11-22,Wales,W92000004,,,0,0,,,,,,,,,,0,
2023-11-21,Wales,W92000004,,,18,0,,,,,,,,,,0,
2023-11-20,Wales,W92000004,,,30,0,,,,,,,,,,0,
2023-11-19,Wales,W92000004,,,25,0,,,,,,,,,,0,
2023-11-18,Wales,W92000004,,,18,0,,,,,,,,,,0,
2023-11-17,Wales,W92000004,,,19,1,,,,,,,,,,0,
2023-11-16,Wales,W92000004,,,17,1,,,,,,,0,,,149,
2023-11-15,Wales,W92000004,,,22,0,,,,,,,,,,0,
2023-11-14,Wales,W92000004,,,27,1,,,,,,,,,,0,
2023-11-13,Wales,W92000004,,,18,1,,,,,,,,,,0,
2023-11-12,Wales,W92000004,,,9,2,,,,,,,,,,0,
2023-11-11,Wales,W92000004,,,14,1,,,,,,,,,,0,
2023-11-10,Wales,W92000004,,,19,3,,,,,,,,,,0,
2023-11-09,Wales,W92000004,,,26,1,,,,,,,0,,,163,
2023-11-08,Wales,W92000004,,,32,2,,,,,,,,,,0,
2023-11-07,Wales,W92000004,,,27,0,,,,,,,,,,0,
2023-11-06,Wales,W92000004,,,32,2,,,,,,,,,,0,
2023-11-05,Wales,W92000004,,,14,1,,,,,,,,,,0,
2023-11-04,Wales,W92000004,,,13,2,,,,,,,,,,0,
2023-11-03,Wales,W92000004,,,30,4,,,,,,,,,,0,
2023-11-02,Wales,W92000004,,,23,2,,,,,,,0,,,241,
2023-11-01,Wales,W92000004,,,27,1,,,,,,,,,,0,
2023-10-31,Wales,W92000004,,,35,3,,,,,,,,,,0,
2023-10-30,Wales,W92000004,,,44,2,,,,,,,,,,0,
2023-10-29,Wales,W92000004,,,24,4,,,,,,,,,,0,
2023-10-28,Wales,W92000004,,,25,1,,,,,,,,,,0,
2023-10-27,Wales,W92000004,,,34,1,,,,,,,,,,0,
2023-10-26,Wales,W92000004,,,35,3,,,,,,,0,,,226,
2023-10-25,Wales,W92000004,,,37,1,,,,,,,,,,0,
2023-10-24,Wales,W92000004,,,48,1,,,,,,,,,,0,
2023-10-23,Wales,W92000004,,,33,1,,,,,,,,,,0,
2023-10-22,Wales,W92000004,,,20,1,,,,,,,,,,0,
2023-10-21,Wales,W92000004,,,17,1,,,,,,,,,,0,
2023-10-20,Wales,W92000004,,,37,2,,,,,,,,,,0,
2023-10-19,Wales,W92000004,,,38,1,,,,,,,0,,,295,
2023-10-18,Wales,W92000004,,,34,0,,,,,,,,,,0,
2023-10-17,Wales,W92000004,,,39,4,,,,,,,,,,0,
2023-10-16,Wales,W92000004,,,39,2,,,,,,,,,,0,
2023-10-15,Wales,W92000004,,,19,2,,,,,,,,,,0,
2023-10-14,Wales,W92000004,,,26,3,,,,,,,,,,0,
2023-10-13,Wales,W92000004,,,60,1,,,,,,,,,,0,
2023-10-12,Wales,W92000004,,,43,0,,,,,,,0,,,384,
2023-10-11,Wales,W92000004,,,59,1,,,,,,,,,,0,
2023-10-10,Wales,W92000004,,,61,0,,,,,,,,,,0,
2023-10-09,Wales,W92000004,,,78,3,,,,,,,,,,0,
2023-10-08,Wales,W92000004,,,45,4,,,,,,,,,,0,
2023-10-07,Wales,W92000004,,,31,2,,,,,,,,,,0,
2023-10-06,Wales,W92000004,,,62,1,,,,,,,,,,0,
2023-10-05,Wales,W92000004,,,50,0,,,,,,,0,,,390,
2023-10-04,Wales,W92000004,,,58,1,,,,,,,,,,0,
2023-10-03,Wales,W92000004,,,76,0,,,,,,,,,,0,
2023-10-02,Wales,W92000004,,,73,1,,,,,,,,,,0,
2023-10-01,Wales,W92000004,,,43,2,,,,,,,,,,0,
2023-09-30,Wales,W92000004,,,33,2,,,,,,,,,,0,
2023-09-29,Wales,W92000004,,,40,2,,,,,,,,,,0,
2023-09-28,Wales,W92000004,,,60,1,,,,,,,0,,,299,
2023-09-27,Wales,W92000004,,,62,0,,,,,,,,,,0,
2023-09-26,Wales,W92000004,,,65,0,,,,,,,,,,0,
2023-09-25,Wales,W92000004,,,47,0,,,,,,,,,,0,
2023-09-24,Wales,W92000004,,,27,3,,,,,,,,,,0,
2023-09-23,Wales,W92000004,,,30,2,,,,,,,,,,0,
2023-09-22,Wales,W92000004,,,49,3,,,,,,,,,,0,
2023-09-21,Wales,W92000004,,,37,1,,,,,,,0,,,276,
2023-09-20,Wales,W92000004,,,56,0,,,,,,,,,,0,
2023-09-19,Wales,W92000004,,,50,1,,,,,,,,,,0,
2023-09-18,Wales,W92000004,,,52,3,,,,,,,,,,0,
2023-09-17,Wales,W92000004,,,22,0,,,,,,,,,,0,
2023-09-16,Wales,W92000004,,,27,1,,,,,,,,,,0,
2023-09-15,Wales,W92000004,,,48,1,,,,,,,,,,0,
2023-09-14,Wales,W92000004,,,52,1,,,,,,,0,,,311,
2023-09-13,Wales,W92000004,,,32,3,,,,,,,,,,0,
2023-09-12,Wales,W92000004,,,50,3,,,,,,,,,,0,
2023-09-11,Wales,W92000004,,,38,2,,,,,,,,,,0,
2023-09-10,Wales,W92000004,,,34,0,,,,,,,,,,0,
2023-09-09,Wales,W92000004,,,38,0,,,,,,,,,,0,
2023-09-08,Wales,W92000004,,,57,0,,,,,,,,,,0,
2023-09-07,Wales,W92000004,,,32,2,,,,,,,0,,,316,
2023-09-06,Wales,W92000004,,,54,0,,,,,,,,,,0,
2023-09-05,Wales,W92000004,,,65,0,,,,,,,,,,0,
2023-09-04,Wales,W92000004,,,55,0,,,,,,,,,,0,
2023-09-03,Wales,W92000004,,,29,1,,,,,,,,,,0,
2023-09-02,Wales,W92000004,,,37,2,,,,,,,,,,0,
2023-09-01,Wales,W92000004,,,39,2,,,,,,,,,,0,
2023-08-31,Wales,W92000004,,,44,1,,,,,,,0,,,273,
2023-08-30,Wales,W92000004,,,52,1,,,,,,,,,,0,
2023-08-29,Wales,W92000004,,,63,3,,,,,,,,,,0,
2023-08-28,Wales,W92000004,,,28,1,,,,,,,,,,0,
2023-08-27,Wales,W92000004,,,35,0,,,,,,,,,,0,
2023-08-26,Wales,W92000004,,,28,0,,,,,,,,,,0,
2023-08-25,Wales,W92000004,,,34,0,,,,,,,,,,0,
2023-08-24,Wales,W92000004,,,27,0,,,,,,,0,,,263,
2023-08-23,Wales,W92000004,,,51,1,,,,,,,,,,0,
2023-08-22,Wales,W92000004,,,46,3,,,,,,,,,,0,
2023-08-21,Wales,W92000004,,,52,1,,,,,,,,,,0,
2023-08-20,Wales,W92000004,,,30,2,,,,,,,,,,0,
2023-08-19,Wales,W92000004,,,32,1,,,,,,,,,,0,
2023-08-18,Wales,W92000004,,,34,2,,,,,,,,,,0,
2023-08-17,Wales,W92000004,,,35,5,,,,,,,0,,,319,
2023-08-16,Wales,W92000004,,,43,1,,,,,,,,,,0,
2023-08-15,Wales,W92000004,,,44,2,,,,,,,,,,0,
2023-08-14,Wales,W92000004,,,63,1,,,,,,,,,,0,
2023-08-13,Wales,W92000004,,,23,1,,,,,,,,,,0,
2023-08-12,Wales,W92000004,,,27,2,,,,,,,,,,0,
2023-08-11,Wales,W92000004,,,51,1,,,,,,,,,,0,
2023-08-10,Wales,W92000004,,,51,0,,,,,,,0,,,249,
2023-08-09,Wales,W92000004,,,56,1,,,,,,,,,,0,
2023-08-08,Wales,W92000004,,,61,0,,,,,,,,,,0,
2023-08-07,Wales,W92000004,,,46,0,,,,,,,,,,0,
2023-08-06,Wales,W92000004,,,34,0,,,,,,,,,,0,
2023-08-05,Wales,W92000004,,,21,0,,,,,,,,,,0,
2023-08-04,Wales,W92000004,,,32,0,,,,,,,,,,0,
2023-08-03,Wales,W92000004,,,36,2,,,,,,,0,,,201,
2023-08-02,Wales,W92000004,,,24,2,,,,,,,,,,0,
2023-08-01,Wales,W92000004,,,27,0,,,,,,,,,,0,
2023-07-31,Wales,W92000004,,,37,1,,,,,,,,,,0,
2023-07-30,Wales,W92000004,,,28,2,,,,,,,,,,0,
2023-07-29,Wales,W92000004,,,21,0,,,,,,,,,,0,
2023-07-28,Wales,W92000004,,,33,0,,,,,,,,,,0,
2023-07-27,Wales,W92000004,,,28,0,,,,,,,0,,,127,
2023-07-26,Wales,W92000004,,,29,0,,,,,,,,,,0,
2023-07-25,Wales,W92000004,,,27,0,,,,,,,,,,0,
2023-07-24,Wales,W92000004,,,19,1,,,,,,,,,,0,
2023-07-23,Wales,W92000004,,,10,1,,,,,,,,,,0,
2023-07-22,Wales,W92000004,,,15,2,,,,,,,,,,0,
2023-07-21,Wales,W92000004,,,16,0,,,,,,,,,,0,
2023-07-20,Wales,W92000004,,,24,0,,,,,,,0,,,89,
2023-07-19,Wales,W92000004,,,17,0,,,,,,,,,,0,
2023-07-18,Wales,W92000004,,,19,0,,,,,,,,,,0,
2023-07-17,Wales,W92000004,,,22,0,,,,,,,,,,0,
2023-07-16,Wales,W92000004,,,9,0,,,,,,,,,,0,
2023-07-15,Wales,W92000004,,,11,0,,,,,,,,,,0,
2023-07-14,Wales,W92000004,,,6,0,,,,,,,,,,0,
2023-07-13,Wales,W92000004,,,10,1,,10,,,,,0,,,68,
2023-07-12,Wales,W92000004,142,5,12,0,,0,,,,,,,,0,5
2023-07-11,Wales,W92000004,0,0,13,1,,0,,,,,,,,0,0
2023-07-10,Wales,W92000004,0,0,10,0,,0,,,,,,,,0,0
2023-07-09,Wales,W92000004,0,0,8,0,,0,,,,,,,,0,0
2023-07-08,Wales,W92000004,0,0,11,1,,0,,,,,,,,0,0
2023-07-07,Wales,W92000004,0,0,12,1,,0,,,,,,,,0,0
2023-07-06,Wales,W92000004,0,0,12,1,,0,,,,,0,,,63,0
2023-07-05,Wales,W92000004,147,2,11,0,,0,,,,,,,,0,3
2023-07-04,Wales,W92000004,0,0,6,1,,0,,,,,,,,0,0
2023-07-03,Wales,W92000004,0,0,14,1,,0,,,,,,,,0,0
2023-07-02,Wales,W92000004,0,0,11,0,,0,,,,,,,,0,0
2023-07-01,Wales,W92000004,0,0,6,0,,0,,,,,,,,0,0
2023-06-30,Wales,W92000004,0,0,8,2,,0,,,,,,,,0,0
2023-06-29,Wales,W92000004,0,0,7,0,,11,,,,,0,,,74,0
2023-06-28,Wales,W92000004,154,2,9,1,,0,,,,,,,,0,5
2023-06-27,Wales,W92000004,0,0,9,2,,0,,,,,,,,0,0
2023-06-26,Wales,W92000004,0,0,13,1,,0,,,,,,,,0,0
2023-06-25,Wales,W92000004,0,0,6,2,,0,,,,,,,,0,0
2023-06-24,Wales,W92000004,0,0,2,1,,0,,,,,,,,0,0
2023-06-23,Wales,W92000004,0,0,8,0,,0,,,,,,,,0,0
2023-06-22,Wales,W92000004,0,0,25,1,,9,,,,,0,,,61,0
2023-06-21,Wales,W92000004,177,2,6,1,,0,,,,,,,,0,4
2023-06-20,Wales,W92000004,0,0,9,2,,0,,,,,,,,0,0
2023-06-19,Wales,W92000004,0,0,4,2,,0,,,,,,,,0,0
2023-06-18,Wales,W92000004,0,0,9,1,,0,,,,,,,,0,0
2023-06-17,Wales,W92000004,0,0,2,0,,0,,,,,,,,0,0
2023-06-16,Wales,W92000004,0,0,12,0,,0,,,,,,,,0,0
2023-06-15,Wales,W92000004,0,0,15,2,,3,,,,,0,,,101,0
2023-06-14,Wales,W92000004,228,2,13,0,,0,,,,,,,,0,2
2023-06-13,Wales,W92000004,0,0,6,1,,0,,,,,,,,0,0
2023-06-12,Wales,W92000004,0,0,19,1,,0,,,,,,,,0,0
2023-06-11,Wales,W92000004,0,0,10,0,,0,,,,,,,,0,0
2023-06-10,Wales,W92000004,0,0,7,2,,0,,,,,,,,0,0
2023-06-09,Wales,W92000004,0,0,15,1,,0,,,,,,,,0,0
2023-06-08,Wales,W92000004,0,0,24,0,,3,,,,,0,,,103,0
2023-06-07,Wales,W92000004,227,6,18,1,,0,,,,,,,,0,1
2023-06-06,Wales,W92000004,0,0,20,0,,0,,,,,,,,0,0
2023-06-05,Wales,W92000004,0,0,20,0,,0,,,,,,,,0,0
2023-06-04,Wales,W92000004,0,0,4,2,,0,,,,,,,,0,0
2023-06-03,Wales,W92000004,0,0,6,1,,0,,,,,,,,0,0
2023-06-02,Wales,W92000004,0,0,15,1,,0,,,,,,,,0,0
2023-06-01,Wales,W92000004,0,0,17,0,,9,,,,,0,,,106,0
2023-05-31,Wales,W92000004,239,1,20,0,,0,,,,,,,,0,5
2023-05-30,Wales,W92000004,0,0,21,1,,0,,,,,,,,0,0
2023-05-29,Wales,W92000004,0,0,13,1,,0,,,,,,,,0,0
2023-05-28,Wales,W92000004,0,0,18,2,,0,,,,,,,,0,0
2023-05-27,Wales,W92000004,0,0,9,1,,0,,,,,,,,0,0
2023-05-26,Wales,W92000004,0,0,15,2,,0,,,,,,,,0,0
2023-05-25,Wales,W92000004,0,0,16,0,,2,,,,,0,,,115,0
2023-05-24,Wales,W92000004,263,6,16,1,,0,,,,,,,,0,5
2023-05-23,Wales,W92000004,0,0,17,0,,0,,,,,,,,0,0
2023-05-22,Wales,W92000004,0,0,23,2,,0,,,,,,,,0,0
2023-05-21,Wales,W92000004,0,0,17,0,,0,,,,,,,,0,0
2023-05-20,Wales,W92000004,0,0,11,0,,0,,,,,,,,0,0
2023-05-19,Wales,W92000004,0,0,14,1,,0,,,,,,,,0,0
2023-05-18,Wales,W92000004,0,0,13,1,,10,,,,,0,,,117,0
2023-05-17,Wales,W92000004,297,3,21,0,,0,,,,,,,,0,4
2023-05-16,Wales,W92000004,0,0,15,0,,0,,,,,,,,0,0
2023-05-15,Wales,W92000004,0,0,15,1,,0,,,,,,,,0,0
2023-05-14,Wales,W92000004,0,0,5,0,,0,,,,,,,,0,0
2023-05-13,Wales,W92000004,0,0,20,3,,0,,,,,,,,0,0
2023-05-12,Wales,W92000004,0,0,10,2,,0,,,,,,,,0,0
2023-05-11,Wales,W92000004,0,0,20,1,,16,,,,,0,,,159,0
2023-05-10,Wales,W92000004,314,4,28,5,,0,,,,,,,,0,6
2023-05-09,Wales,W92000004,0,0,32,1,,0,,,,,,,,0,0
2023-05-08,Wales,W92000004,0,0,16,2,,0,,,,,,,,0,0
2023-05-07,Wales,W92000004,0,0,21,1,,0,,,,,,,,0,0
2023-05-06,Wales,W92000004,0,0,12,3,,0,,,,,,,,0,0
2023-05-05,Wales,W92000004,0,0,18,1,,0,,,,,,,,0,0
2023-05-04,Wales,W92000004,0,0,38,1,,4,,,,,0,,,225,0
2023-05-03,Wales,W92000004,400,7,22,2,,0,,,,,,,,0,7
2023-05-02,Wales,W92000004,0,0,40,3,,0,,,,,,,,0,0
2023-05-01,Wales,W92000004,0,0,21,3,,0,,,,,,,,0,0
2023-04-30,Wales,W92000004,0,0,24,2,,0,,,,,,,,0,0
2023-04-29,Wales,W92000004,0,0,30,0,,0,,,,,,,,0,0
2023-04-28,Wales,W92000004,0,0,29,0,,0,,,,,,,,0,0
2023-04-27,Wales,W92000004,0,0,32,2,,18,,,,,0,,,251,0
2023-04-26,Wales,W92000004,461,6,45,1,,0,,,,,,,,0,7
2023-04-25,Wales,W92000004,0,0,36,2,,0,,,,,,,,0,0
2023-04-24,Wales,W92000004,0,0,47,2,,0,,,,,,,,0,0
2023-04-23,Wales,W92000004,0,0,34,1,,0,,,,,,,,0,0
2023-04-22,Wales,W92000004,0,0,29,2,,0,,,,,,,,0,0
2023-04-21,Wales,W92000004,0,0,34,2,,0,,,,,,,,0,0
2023-04-20,Wales,W92000004,0,0,37,5,,9,,,,,0,,,275,0
2023-04-19,Wales,W92000004,504,4,30,2,,0,,,,,,,,0,8
2023-04-18,Wales,W92000004,0,0,45,1,,0,,,,,,,,0,0
2023-04-17,Wales,W92000004,0,0,40,1,,0,,,,,,,,0,0
2023-04-16,Wales,W92000004,0,0,31,3,,0,,,,,,,,0,0
2023-04-15,Wales,W92000004,0,0,29,1,,0,,,,,,,,0,0
2023-04-14,Wales,W92000004,0,0,33,2,,0,,,,,,,,0,0
2023-04-13,Wales,W92000004,0,0,45,1,,12,,,,,0,,,330,0
2023-04-12,Wales,W92000004,510,5,53,3,,0,,,,,,,,0,11
2023-04-11,Wales,W92000004,0,0,66,1,,0,,,,,,,,0,0
2023-04-10,Wales,W92000004,0,0,48,1,,0,,,,,,,,0,0
2023-04-09,Wales,W92000004,0,0,34,1,,0,,,,,,,,0,0
2023-04-08,Wales,W92000004,0,0,27,3,,0,,,,,,,,0,0
2023-04-07,Wales,W92000004,0,0,27,2,,0,,,,,,,,0,0
2023-04-06,Wales,W92000004,0,0,53,4,,25,,,,,0,,,435,0
2023-04-05,Wales,W92000004,553,6,73,2,,0,,,,,,,,0,11
2023-04-04,Wales,W92000004,0,0,54,2,,0,,,,,,,,0,0
2023-04-03,Wales,W92000004,0,0,62,1,,0,,,,,,,,0,0
2023-04-02,Wales,W92000004,0,0,44,0,,0,,,,,,,,0,0
2023-04-01,Wales,W92000004,0,0,33,4,,0,,,,,,,,0,0
2023-03-31,Wales,W92000004,0,0,78,1,,0,,,,,,,,0,0
2023-03-30,Wales,W92000004,0,0,74,6,,6,,,,,0,,,475,0
2023-03-29,Wales,W92000004,641,13,81,2,,0,,,,,,,2477109,0,13
2023-03-28,Wales,W92000004,0,0,75,4,,0,,,,,,,2477091,0,0
2023-03-27,Wales,W92000004,0,0,83,2,,0,,,,,,,2477078,0,0
2023-03-26,Wales,W92000004,0,0,41,2,,0,,,,,,,2477066,0,0
2023-03-25,Wales,W92000004,0,0,49,4,,0,,,,,,,2477064,0,0
2023-03-24,Wales,W92000004,0,0,60,0,,0,,,,,,,2477035,0,0
2023-03-23,Wales,W92000004,0,0,72,1,,16,,,,,0,,2477015,585,0
2023-03-22,Wales,W92000004,697,19,80,2,,0,,,,,,,2477009,0,8
2023-03-21,Wales,W92000004,0,0,96,3,,0,,,,,,,2476989,0,0
2023-03-20,Wales,W92000004,0,0,88,2,,0,,,,,,,2476966,0,0
2023-03-19,Wales,W92000004,0,0,50,1,,0,,,,,,,2476953,0,0
2023-03-18,Wales,W92000004,0,0,56,2,,0,,,,,,,2476943,0,0
2023-03-17,Wales,W92000004,0,0,89,4,,0,,,,,,,2476870,0,0
2023-03-16,Wales,W92000004,0,0,107,5,,20,,,,,0,,2476858,704,0
2023-03-15,Wales,W92000004,805,20,101,1,,0,,,,,,,2476887,0,6
2023-03-14,Wales,W92000004,0,0,125,3,,0,,,,,,,2476887,0,0
2023-03-13,Wales,W92000004,0,0,133,4,,0,,,,,,,2476862,0,0
2023-03-12,Wales,W92000004,0,0,86,0,,0,,,,,,,2476770,0,0
2023-03-11,Wales,W92000004,0,0,72,2,,0,,,,,,,2476727,0,0
2023-03-10,Wales,W92000004,0,0,101,5,,0,,,,,,,2476681,0,0
2023-03-09,Wales,W92000004,0,0,88,2,,8,,,,,0,,2476672,577,0
2023-03-08,Wales,W92000004,611,7,97,7,,0,,,,,,,2476660,0,6
2023-03-07,Wales,W92000004,0,0,127,2,,0,,,,,,,2476633,0,0
2023-03-06,Wales,W92000004,0,0,106,0,,0,,,,,,,2476571,0,0
2023-03-05,Wales,W92000004,0,0,65,3,,0,,,,,,,2476449,0,0
2023-03-04,Wales,W92000004,0,0,56,2,,0,,,,,,,2476429,0,0
2023-03-03,Wales,W92000004,0,0,59,2,,0,,,,,,,2476396,0,0
2023-03-02,Wales,W92000004,0,0,88,3,,12,,,,,0,,2476392,428,0
2023-03-01,Wales,W92000004,477,4,89,0,,0,,,,,,,2476332,0,6
2023-02-28,Wales,W92000004,0,0,65,0,,0,,,,,,,2476227,0,0
2023-02-27,Wales,W92000004,0,0,97,2,,0,,,,,,,2476176,0,0
2023-02-26,Wales,W92000004,0,0,39,3,,0,,,,,,,2476161,0,0
2023-02-25,Wales,W92000004,0,0,40,2,,0,,,,,,,2476069,0,0
2023-02-24,Wales,W92000004,0,0,63,2,,0,,,,,,,2476028,0,0
2023-02-23,Wales,W92000004,0,0,72,1,,7,,,,,0,,2475965,477,0
2023-02-22,Wales,W92000004,462,8,64,1,,0,,,,,,,2475963,0,9
2023-02-21,Wales,W92000004,0,0,67,0,,0,,,,,,,2475801,0,0
2023-02-20,Wales,W92000004,0,0,70,0,,0,,,,,,,2475699,0,0
2023-02-19,Wales,W92000004,0,0,49,0,,0,,,,,,,2475529,0,0
2023-02-18,Wales,W92000004,0,0,49,5,,0,,,,,,,2475439,0,0
2023-02-17,Wales,W92000004,0,0,76,0,,0,,,,,,,2475376,0,0
2023-02-16,Wales,W92000004,0,0,67,1,,9,,,,,0,,2475356,372,0
2023-02-15,Wales,W92000004,396,4,92,1,,0,,,,,,,2475315,0,6
2023-02-14,Wales,W92000004,0,0,77,4,,0,,,,,,,2474874,0,0
2023-02-13,Wales,W92000004,0,0,49,1,,0,,,,,,,2474874,0,0
2023-02-12,Wales,W92000004,0,0,41,1,,0,,,,,,,2474874,0,0
2023-02-11,Wales,W92000004,0,0,37,0,,0,,,,,,,2474874,0,0
2023-02-10,Wales,W92000004,378,1,50,2,,0,,,,,,,2474874,0,7
2023-02-09,Wales,W92000004,372,5,57,0,,9,,,,,0,,2474874,373,7
2023-02-08,Wales,W92000004,377,9,67,2,,0,,,,,,,2474874,0,7
2023-02-07,Wales,W92000004,379,7,58,3,,0,,,,,,,2474820,0,9
2023-02-06,Wales,W92000004,352,7,74,2,,0,,,,,,,2474788,0,7
2023-02-05,Wales,W92000004,358,7,38,1,,0,,,,,,,2474764,0,6
2023-02-04,Wales,W92000004,352,6,25,2,,0,,,,,,,2474570,0,7
2023-02-03,Wales,W92000004,315,1,46,1,,0,,,,,,,2474459,0,8
2023-02-02,Wales,W92000004,330,7,56,0,,17,,,,,0,,2474379,294,7
2023-02-01,Wales,W92000004,328,1,60,0,,0,,,,,,,2474338,0,10
2023-01-31,Wales,W92000004,324,10,61,3,,0,,,,,,,2474302,0,11
2023-01-30,Wales,W92000004,347,5,66,1,,0,,,,,,,2474239,0,10
2023-01-29,Wales,W92000004,353,4,25,3,,0,,,,,,,2474187,0,10
2023-01-28,Wales,W92000004,358,4,19,2,,0,,,,,,,2473989,0,9
2023-01-27,Wales,W92000004,368,4,37,2,,0,,,,,,,2473881,0,9
2023-01-26,Wales,W92000004,351,5,47,3,,27,,,,,0,,2473793,269,7
2023-01-25,Wales,W92000004,367,4,52,3,,0,,,,,,,2473698,0,8
2023-01-24,Wales,W92000004,366,0,38,1,,0,,,,,,,2473650,0,6
2023-01-23,Wales,W92000004,393,3,46,3,,0,,,,,,,2473561,0,4
2023-01-22,Wales,W92000004,385,3,24,0,,0,,,,,,,2473520,0,4
2023-01-21,Wales,W92000004,399,6,15,1,,0,,,,,,,2473142,0,6
2023-01-20,Wales,W92000004,419,4,38,7,,0,,,,,,,2472950,0,8
2023-01-19,Wales,W92000004,433,8,60,5,,29,,,,,0,,2472910,275,9
2023-01-18,Wales,W92000004,447,2,47,2,,0,,,,,,,2472856,0,15
2023-01-17,Wales,W92000004,485,11,40,3,,0,,,,,,,2472793,0,11
2023-01-16,Wales,W92000004,472,2,47,8,,0,,,,,,,2472673,0,13
2023-01-15,Wales,W92000004,461,6,22,3,,0,,,,,,,2472582,0,13
2023-01-14,Wales,W92000004,492,4,31,5,,0,,,,,,,2472504,0,14
2023-01-13,Wales,W92000004,541,8,37,8,,0,,,,,,,2472446,0,17
2023-01-12,Wales,W92000004,577,15,57,7,,33,,,,,0,,2472432,529,15
2023-01-11,Wales,W92000004,560,14,38,0,,0,,,,,,,2472433,0,16
2023-01-10,Wales,W92000004,604,11,71,4,,0,,,,,,,2472411,0,16
2023-01-09,Wales,W92000004,637,13,59,4,,0,,,,,,,2472367,0,13
2023-01-08,Wales,W92000004,693,11,48,1,,0,,,,,,,2472340,0,14
2023-01-07,Wales,W92000004,680,11,41,3,,0,,,,,,,2472033,0,18
2023-01-06,Wales,W92000004,678,17,76,6,,0,,,,,,,2471988,0,20
2023-01-05,Wales,W92000004,720,15,93,7,,37,,,,,0,,2471946,907,20
2023-01-04,Wales,W92000004,742,23,102,4,,0,,,,,,,2471921,0,24
2023-01-03,Wales,W92000004,787,11,112,2,,0,,,,,,,2471845,0,21
2023-01-02,Wales,W92000004,791,14,89,3,,0,,,,,,,2471754,0,21
2023-01-01,Wales,W92000004,779,16,60,3,,0,,,,,,,2471750,0,20
2022-12-31,Wales,W92000004,737,10,89,11,,0,,,,,,,2471750,0,18
2022-12-30,Wales,W92000004,720,21,149,5,,0,,,,,,,2471749,0,16
2022-12-29,Wales,W92000004,687,24,196,9,,24,,,,,0,,2471722,865,17
2022-12-28,Wales,W92000004,704,11,176,1,,0,,,,,,,2471850,0,16
2022-12-27,Wales,W92000004,718,9,153,4,,0,,,,,,,2471840,0,16
2022-12-26,Wales,W92000004,687,10,101,4,,0,,,,,,,2471837,0,11
2022-12-25,Wales,W92000004,691,15,32,4,,0,,,,,,,2471837,0,11
2022-12-24,Wales,W92000004,702,24,69,8,,0,,,,,,,2471837,0,11
2022-12-23,Wales,W92000004,691,25,112,6,,0,,,,,,,2471836,0,9
2022-12-22,Wales,W92000004,689,23,179,7,,15,,,,,0,,2471819,1139,10
2022-12-21,Wales,W92000004,663,18,190,2,,0,,,,,,,2471784,0,8
2022-12-20,Wales,W92000004,666,22,207,1,,0,,,,,,,2471757,0,10
2022-12-19,Wales,W92000004,642,10,234,6,,0,,,,,,,2471757,0,9
2022-12-18,Wales,W92000004,583,6,130,0,,0,,,,,,,2471729,0,8
2022-12-17,Wales,W92000004,565,12,118,2,,0,,,,,,,2471640,0,8
2022-12-16,Wales,W92000004,558,7,185,4,,0,,,,,,,2471579,0,9
2022-12-15,Wales,W92000004,558,15,141,2,,13,,,,,0,,2471550,798,11
2022-12-14,Wales,W92000004,510,7,163,1,,0,,,,,,,2471602,0,13
2022-12-13,Wales,W92000004,502,16,166,1,,0,,,,,,,2471567,0,14
2022-12-12,Wales,W92000004,469,11,195,4,,0,,,,,,,2471547,0,12
2022-12-11,Wales,W92000004,442,8,92,2,,0,,,,,,,2471528,0,10
2022-12-10,Wales,W92000004,423,8,55,3,,0,,,,,,,2470975,0,11
2022-12-09,Wales,W92000004,405,8,102,2,,0,,,,,,,2470793,0,11
2022-12-08,Wales,W92000004,412,16,102,3,,9,,,,,0,,2470771,522,13
2022-12-07,Wales,W92000004,375,11,135,0,,0,,,,,,,2470773,0,10
2022-12-06,Wales,W92000004,363,18,103,3,,0,,,,,,,2470735,0,9
2022-12-05,Wales,W92000004,371,5,124,2,,0,,,,,,,2470704,0,10
2022-12-04,Wales,W92000004,363,7,58,1,,0,,,,,,,2470677,0,7
2022-12-03,Wales,W92000004,354,3,53,1,,0,,,,,,,2470563,0,11
2022-12-02,Wales,W92000004,354,12,52,2,,0,,,,,,,2470395,0,8
2022-12-01,Wales,W92000004,344,2,62,0,,13,,,,,0,,2470374,369,9
2022-11-30,Wales,W92000004,347,4,89,0,,0,,,,,,,2470383,0,11
2022-11-29,Wales,W92000004,341,4,89,1,,0,,,,,,,2470338,0,10
2022-11-28,Wales,W92000004,344,6,71,2,,0,,,,,,,2470291,0,11
2022-11-27,Wales,W92000004,349,7,28,2,,0,,,,,,,2470253,0,11
2022-11-26,Wales,W92000004,348,3,48,1,,0,,,,,,,2469863,0,11
2022-11-25,Wales,W92000004,363,5,34,4,,0,,,,,,,2469493,0,9
2022-11-24,Wales,W92000004,352,7,45,0,,15,,,,,0,,2469473,283,7
2022-11-23,Wales,W92000004,373,8,47,3,,0,,,,,,,2469437,0,9
2022-11-22,Wales,W92000004,356,7,56,1,,0,,,,,,,2469410,0,11
2022-11-21,Wales,W92000004,355,3,52,1,,0,,,,,,,2469327,0,10
2022-11-20,Wales,W92000004,367,5,34,2,,0,,,,,,,2469294,0,8
2022-11-19,Wales,W92000004,353,7,27,1,,0,,,,,,,2468977,0,9
2022-11-18,Wales,W92000004,358,7,40,1,,0,,,,,,,2468219,0,10
2022-11-17,Wales,W92000004,361,6,52,0,,15,,,,,0,,2468185,280,13
2022-11-16,Wales,W92000004,369,6,36,3,,0,,,,,,,2467597,0,14
2022-11-15,Wales,W92000004,386,6,46,2,,0,,,,,,,2467558,0,12
2022-11-14,Wales,W92000004,402,3,57,3,,0,,,,,,,2467460,0,10
2022-11-13,Wales,W92000004,395,3,27,2,,0,,,,,,,2467408,0,11
2022-11-12,Wales,W92000004,399,6,30,1,,0,,,,,,,2467034,0,13
2022-11-11,Wales,W92000004,392,7,40,3,,0,,,,,,,2466478,0,10
2022-11-10,Wales,W92000004,396,7,41,2,,27,,,,,0,,2466446,339,12
2022-11-09,Wales,W92000004,418,10,40,4,,0,,,,,,,2466317,0,13
2022-11-08,Wales,W92000004,401,8,53,4,,0,,,,,,,2466272,0,13
2022-11-07,Wales,W92000004,410,6,48,1,,0,,,,,,,2466223,0,14
2022-11-06,Wales,W92000004,441,11,46,3,,0,,,,,,,2466193,0,12
2022-11-05,Wales,W92000004,475,8,29,5,,0,,,,,,,2466019,0,12
2022-11-04,Wales,W92000004,477,13,38,4,,0,,,,,,,2465931,0,11
2022-11-03,Wales,W92000004,465,16,52,3,,32,,,,,0,,2465707,475,16
2022-11-02,Wales,W92000004,462,8,59,3,,0,,,,,,,2465649,0,12
2022-11-01,Wales,W92000004,500,9,52,1,,0,,,,,,,2465551,0,13
2022-10-31,Wales,W92000004,568,6,62,6,,0,,,,,,,2465484,0,11
2022-10-30,Wales,W92000004,591,9,65,3,,0,,,,,,,2465454,0,11
2022-10-29,Wales,W92000004,587,18,49,5,,0,,,,,,,2465149,0,12
2022-10-28,Wales,W92000004,629,19,79,1,,0,,,,,,,2464919,0,12
2022-10-27,Wales,W92000004,620,15,80,6,,22,,,,,0,,2464891,612,12
2022-10-26,Wales,W92000004,640,11,83,6,,0,,,,,,,2464853,0,12
2022-10-25,Wales,W92000004,633,15,76,4,,0,,,,,,,2464794,0,12
2022-10-24,Wales,W92000004,638,7,100,2,,0,,,,,,,2464719,0,13
2022-10-23,Wales,W92000004,666,8,54,3,,0,,,,,,,2464697,0,13
2022-10-22,Wales,W92000004,655,11,60,2,,0,,,,,,,2464390,0,17
2022-10-21,Wales,W92000004,648,16,85,5,,0,,,,,,,2463331,0,14
2022-10-20,Wales,W92000004,619,15,96,8,,37,,,,,0,,2463300,743,12
2022-10-19,Wales,W92000004,630,10,110,2,,0,,,,,,,2463231,0,10
2022-10-18,Wales,W92000004,644,15,94,4,,0,,,,,,,2463147,0,12
2022-10-17,Wales,W92000004,672,8,125,6,,0,,,,,,,2463062,0,6
2022-10-16,Wales,W92000004,676,17,74,6,,0,,,,,,,2463021,0,7
2022-10-15,Wales,W92000004,666,25,98,5,,0,,,,,,,2462633,0,7
2022-10-14,Wales,W92000004,670,10,133,2,,0,,,,,,,2461411,0,9
2022-10-13,Wales,W92000004,702,18,114,5,,20,,,,,0,,2461364,766,9
2022-10-12,Wales,W92000004,687,26,112,5,,0,,,,,,,2461336,0,10
2022-10-11,Wales,W92000004,647,19,139,3,,0,,,,,,,2461278,0,7
2022-10-10,Wales,W92000004,661,15,139,8,,0,,,,,,,2461193,0,8
2022-10-09,Wales,W92000004,621,9,89,2,,0,,,,,,,2461162,0,10
2022-10-08,Wales,W92000004,609,20,74,4,,0,,,,,,,2461004,0,8
2022-10-07,Wales,W92000004,592,27,124,3,,0,,,,,,,2460725,0,7
2022-10-06,Wales,W92000004,578,24,92,4,,18,,,,,0,,2460675,744,10
2022-10-05,Wales,W92000004,565,16,109,0,,0,,,,,,,2460651,0,11
2022-10-04,Wales,W92000004,570,26,115,3,,0,,,,,,,2460560,0,9
2022-10-03,Wales,W92000004,535,9,146,2,,0,,,,,,,2460490,0,8
2022-10-02,Wales,W92000004,506,17,96,4,,0,,,,,,,2460458,0,11
2022-10-01,Wales,W92000004,488,21,76,2,,0,,,,,,,2459796,0,9
2022-09-30,Wales,W92000004,474,22,111,6,,0,,,,,,,2459171,0,10
2022-09-29,Wales,W92000004,455,12,95,1,,3,,,,,0,,2459098,579,10
2022-09-28,Wales,W92000004,432,21,117,3,,0,,,,,,,2458983,0,8
2022-09-27,Wales,W92000004,432,8,114,4,,0,,,,,,,2458805,0,6
2022-09-26,Wales,W92000004,412,3,91,0,,0,,,,,,,2458654,0,6
2022-09-25,Wales,W92000004,400,7,67,1,,0,,,,,,,2458624,0,8
2022-09-24,Wales,W92000004,395,7,71,2,,0,,,,,,,2458461,0,6
2022-09-23,Wales,W92000004,366,10,78,0,,0,,,,,,,2458116,0,9
2022-09-22,Wales,W92000004,363,8,76,0,,13,,,,,0,,2458058,311,8
2022-09-21,Wales,W92000004,339,5,82,1,,0,,,,,,,2457975,0,7
2022-09-20,Wales,W92000004,326,12,92,0,,0,,,,,,,2457866,0,6
2022-09-19,Wales,W92000004,324,3,54,1,,0,,,,,,,2457780,0,5
2022-09-18,Wales,W92000004,322,10,38,3,,0,,,,,,,2457745,0,5
2022-09-17,Wales,W92000004,320,14,28,2,,0,,,,,,,2457581,0,7
2022-09-16,Wales,W92000004,319,14,39,2,,0,,,,,,,2457304,0,9
2022-09-15,Wales,W92000004,311,9,42,1,,21,,,,,0,,2457235,294,10
2022-09-14,Wales,W92000004,325,8,42,0,,0,,,,,,,2457148,0,5
2022-09-13,Wales,W92000004,321,8,62,2,,0,,,,,,,2457078,0,6
2022-09-12,Wales,W92000004,350,2,61,3,,0,,,,,,,2456963,0,7
2022-09-11,Wales,W92000004,364,8,28,2,,0,,,,,,,2456939,0,8
2022-09-10,Wales,W92000004,369,10,31,2,,0,,,,,,,2456762,0,7
2022-09-09,Wales,W92000004,360,10,49,1,,0,,,,,,,2456237,0,9
2022-09-08,Wales,W92000004,375,7,43,1,,20,,,,,0,,2456199,356,11
2022-09-07,Wales,W92000004,413,6,26,6,,0,,,,,,,2456178,0,12
2022-09-06,Wales,W92000004,400,7,40,0,,0,,,,,,,2456138,0,9
2022-09-05,Wales,W92000004,370,7,47,3,,0,,,,,,,2456113,0,7
2022-09-04,Wales,W92000004,384,7,54,6,,0,,,,,,,2456108,0,7
2022-09-03,Wales,W92000004,380,9,48,5,,0,,,,,,,2456076,0,9
2022-09-02,Wales,W92000004,364,5,45,1,,0,,,,,,,2455518,0,9
2022-09-01,Wales,W92000004,363,5,53,1,,19,,,,,0,,2455474,272,9
2022-08-31,Wales,W92000004,356,4,64,6,,0,,,,,,,2455467,0,11
2022-08-30,Wales,W92000004,382,4,60,2,,0,,,,,,,2454934,0,8
2022-08-29,Wales,W92000004,400,2,31,2,,0,,,,,,,2454123,0,7
2022-08-28,Wales,W92000004,373,5,30,2,,0,,,,,,,2454121,0,6
2022-08-27,Wales,W92000004,386,3,34,5,,0,,,,,,,2454060,0,7
2022-08-26,Wales,W92000004,370,6,31,4,,0,,,,,,,2453771,0,7
2022-08-25,Wales,W92000004,421,6,42,4,,25,,,,,0,,2453575,332,5
2022-08-24,Wales,W92000004,417,9,50,1,,0,,,,,,,2453243,0,5
2022-08-23,Wales,W92000004,440,10,52,2,,0,,,,,,,2452871,0,6
2022-08-22,Wales,W92000004,489,3,58,2,,0,,,,,,,2452051,0,7
2022-08-21,Wales,W92000004,523,6,45,3,,0,,,,,,,2451696,0,10
2022-08-20,Wales,W92000004,531,12,29,5,,0,,,,,,,2451550,0,10
2022-08-19,Wales,W92000004,545,5,56,4,,0,,,,,,,2451250,0,8
2022-08-18,Wales,W92000004,534,12,43,6,,20,,,,,0,,2451096,521,9
2022-08-17,Wales,W92000004,562,15,42,2,,0,,,,,,,2450819,0,10
2022-08-16,Wales,W92000004,567,10,93,4,,0,,,,,,,2450568,0,12
2022-08-15,Wales,W92000004,584,8,97,1,,0,,,,,,,2450053,0,16
2022-08-14,Wales,W92000004,543,15,43,4,,0,,,,,,,2449763,0,11
2022-08-13,Wales,W92000004,536,14,55,6,,0,,,,,,,2449562,0,14
2022-08-12,Wales,W92000004,527,19,73,5,,0,,,,,,,2449531,0,13
2022-08-11,Wales,W92000004,520,17,81,0,,36,,,,,0,,2449238,464,12
2022-08-10,Wales,W92000004,515,15,75,3,,0,,,,,,,2448915,0,12
2022-08-09,Wales,W92000004,513,13,70,3,,0,,,,,,,2448514,0,12
2022-08-08,Wales,W92000004,527,15,87,2,,0,,,,,,,2447715,0,13
2022-08-07,Wales,W92000004,519,15,48,2,,0,,,,,,,2447257,0,9
2022-08-06,Wales,W92000004,534,13,60,3,,0,,,,,,,2446989,0,10
2022-08-05,Wales,W92000004,531,20,63,10,,0,,,,,,,2446286,0,10
2022-08-04,Wales,W92000004,576,9,72,5,,45,,,,,0,,2445887,550,14
2022-08-03,Wales,W92000004,551,21,61,6,,0,,,,,,,2445791,0,13
2022-08-02,Wales,W92000004,566,18,93,6,,0,,,,,,,2445266,0,15
2022-08-01,Wales,W92000004,594,13,106,6,,0,,,,,,,2444149,0,18
2022-07-31,Wales,W92000004,568,10,46,1,,0,,,,,,,2443572,0,15
2022-07-30,Wales,W92000004,566,15,68,1,,0,,,,,,,2443156,0,19
2022-07-29,Wales,W92000004,559,20,82,4,,0,,,,,,,2442478,0,21
2022-07-28,Wales,W92000004,570,18,79,2,,24,,,,,0,,2442064,711,19
2022-07-27,Wales,W92000004,614,21,73,3,,0,,,,,,,2441565,0,20
2022-07-26,Wales,W92000004,645,17,90,6,,0,,,,,,,2441155,0,21
2022-07-25,Wales,W92000004,643,11,127,5,,0,,,,,,,2440323,0,21
2022-07-24,Wales,W92000004,642,19,72,5,,0,,,,,,,2439859,0,18
2022-07-23,Wales,W92000004,665,29,69,3,,0,,,,,,,2439502,0,15
2022-07-22,Wales,W92000004,711,24,107,9,,0,,,,,,,2438767,0,14
2022-07-21,Wales,W92000004,749,25,109,5,,29,,,,,0,,2438354,935,14
2022-07-20,Wales,W92000004,746,26,137,3,,0,,,,,,,2437882,0,19
2022-07-19,Wales,W92000004,736,19,132,11,,0,,,,,,,2437442,0,18
2022-07-18,Wales,W92000004,727,12,148,10,,0,,,,,,,2436964,0,15
2022-07-17,Wales,W92000004,792,22,93,5,,0,,,,,,,2436610,0,13
2022-07-16,Wales,W92000004,787,28,78,4,,0,,,,,,,2436134,0,17
2022-07-15,Wales,W92000004,832,24,145,4,,0,,,,,,,2435335,0,17
2022-07-14,Wales,W92000004,858,28,119,5,,47,,,,,0,,2435177,1429,17
2022-07-13,Wales,W92000004,832,28,180,4,,0,,,,,,,2434827,0,18
2022-07-12,Wales,W92000004,835,28,196,10,,0,,,,,,,2434571,0,16
2022-07-11,Wales,W92000004,774,15,279,4,,0,,,,,,,2434084,0,20
2022-07-10,Wales,W92000004,791,25,142,8,,0,,,,,,,2433882,0,21
2022-07-09,Wales,W92000004,793,24,168,5,,0,,,,,,,2433449,0,19
2022-07-08,Wales,W92000004,787,23,229,4,,0,,,,,,,2432915,0,19
2022-07-07,Wales,W92000004,749,28,206,5,,12,,,,,0,,2432708,1439,19
2022-07-06,Wales,W92000004,731,21,217,3,,0,,,,,0,,2432376,0,20
2022-07-05,Wales,W92000004,672,12,302,4,,0,,,,,,,2432162,0,16
2022-07-04,Wales,W92000004,712,15,295,2,,0,,,,,,,2431830,0,17
2022-07-03,Wales,W92000004,656,16,117,3,,0,,,,,,,2431605,0,16
2022-07-02,Wales,W92000004,635,15,130,5,,0,,,,,,,2430622,0,15
2022-07-01,Wales,W92000004,619,18,181,5,,0,,,,,,,2428910,0,18
2022-06-30,Wales,W92000004,575,23,210,3,,17,,,,,0,,2428741,1195,18
2022-06-29,Wales,W92000004,553,35,217,1,,0,,,,,,,2428483,0,14
2022-06-28,Wales,W92000004,528,19,207,3,,0,,,,,,,2428303,0,14
2022-06-27,Wales,W92000004,510,8,227,2,,0,,,,,,,2427831,0,10
2022-06-26,Wales,W92000004,497,23,135,1,,0,,,,,,,2427552,0,11
2022-06-25,Wales,W92000004,461,35,108,2,,0,,,,,,,2426762,0,11
2022-06-24,Wales,W92000004,417,18,178,3,,0,,,,,0,,2426276,0,10
2022-06-23,Wales,W92000004,375,27,167,2,,12,,,,,0,,2426060,798,11
2022-06-22,Wales,W92000004,360,21,164,2,,0,,,,,,,2425607,0,9
2022-06-21,Wales,W92000004,357,13,177,5,,0,,,,,,,2425417,0,8
2022-06-20,Wales,W92000004,355,9,173,2,,0,,,,,,,2424991,0,7
2022-06-19,Wales,W92000004,313,20,79,0,,0,,,,,,,2424821,0,6
2022-06-18,Wales,W92000004,306,17,84,1,,0,,,,,,,2424345,0,7
2022-06-17,Wales,W92000004,295,13,117,3,,0,,,,,,,2424015,0,6
2022-06-16,Wales,W92000004,268,11,93,2,,11,,,,,0,,2423893,468,7
2022-06-15,Wales,W92000004,284,15,93,1,,0,,,,,,,2423584,0,8
2022-06-14,Wales,W92000004,284,15,92,1,,0,,,,,,,2423454,0,9
2022-06-13,Wales,W92000004,293,7,105,1,,0,,,,,,,2423248,0,10
2022-06-12,Wales,W92000004,249,11,56,2,,0,,,,,,,2423065,0,8
2022-06-11,Wales,W92000004,247,9,56,1,,0,,,,,,,2422615,0,8
2022-06-10,Wales,W92000004,246,11,61,0,,0,,,,,,,2422159,0,9
2022-06-09,Wales,W92000004,259,10,49,3,,22,,,,,0,,2421990,343,9
2022-06-08,Wales,W92000004,254,10,66,3,,0,,,,,,,2421579,0,8
2022-06-07,Wales,W92000004,263,4,70,0,,0,,,,,,,2421420,0,6
2022-06-06,Wales,W92000004,248,4,74,2,,0,,,,,0,,2421260,0,8
2022-06-05,Wales,W92000004,247,5,37,3,,0,,,,,,,2421036,0,8
2022-06-04,Wales,W92000004,248,7,35,0,,0,,,,,,,2420935,0,8
2022-06-03,Wales,W92000004,260,3,51,3,,0,,,,,,,2420931,0,6
2022-06-02,Wales,W92000004,261,8,27,1,,11,,,,,,,2420931,261,8
2022-06-01,Wales,W92000004,280,3,54,2,,0,,,,,,,2420735,0,9
2022-05-31,Wales,W92000004,283,9,30,2,,0,,,,,,,2420705,0,8
2022-05-30,Wales,W92000004,294,1,33,3,,0,,,,,,,2420494,0,9
2022-05-29,Wales,W92000004,283,7,34,1,,0,,,,,,,2420165,0,7
2022-05-28,Wales,W92000004,313,10,27,1,,0,,,,,,,2419956,0,7
2022-05-27,Wales,W92000004,324,5,45,3,,0,,,,,,,2419761,0,7
2022-05-26,Wales,W92000004,367,12,35,1,,6,,,,,0,,2419617,52,9
2022-05-25,Wales,W92000004,357,11,55,3,,1,,,,,0,,2419637,51,9
2022-05-24,Wales,W92000004,342,10,54,2,1,9,1696,,,1697,0,,2419514,90,11
2022-05-23,Wales,W92000004,350,6,52,4,47,2,3517,,,3564,0,,2419409,54,10
2022-05-22,Wales,W92000004,359,12,30,4,0,0,0,,,0,0,,2419215,0,9
2022-05-21,Wales,W92000004,376,8,29,4,0,0,0,,,0,0,,2418948,0,10
2022-05-20,Wales,W92000004,402,7,27,1,36,7,1064,,,1100,0,,2418733,73,10
2022-05-19,Wales,W92000004,407,10,51,4,34,0,1207,,,1241,0,,2418500,71,12
2022-05-18,Wales,W92000004,433,10,68,4,51,3,1672,,,1723,0,,2418070,71,12
2022-05-17,Wales,W92000004,461,12,73,5,7,2,1882,,,1889,0,,2417921,138,11
2022-05-16,Wales,W92000004,492,8,67,2,123,0,3686,,,3809,0,,2417759,74,15
2022-05-15,Wales,W92000004,532,14,40,1,0,0,0,,,0,0,,2417565,0,12
2022-05-14,Wales,W92000004,540,8,46,0,0,0,0,,,0,0,,2417309,0,13
2022-05-13,Wales,W92000004,594,13,67,1,104,10,1189,,,1293,0,,2417017,81,13
2022-05-12,Wales,W92000004,621,19,62,3,152,5,1331,,,1483,0,,2416886,101,13
2022-05-11,Wales,W92000004,607,16,78,4,288,7,1654,,,1942,0,,2416503,99,15
2022-05-10,Wales,W92000004,650,17,90,4,2,9,1980,,,1982,0,,2416253,268,15
2022-05-09,Wales,W92000004,666,8,99,3,561,7,3862,,,4423,0,,2416024,100,15
2022-05-08,Wales,W92000004,673,16,59,3,0,0,0,,,0,0,,2415797,0,16
2022-05-07,Wales,W92000004,661,19,69,5,0,0,0,,,0,0,,2415595,0,15
2022-05-06,Wales,W92000004,688,17,128,2,95,6,1287,,,1382,0,,2415286,129,15
2022-05-05,Wales,W92000004,732,18,113,5,71,13,1490,,,1561,0,,2415101,151,16
2022-05-04,Wales,W92000004,780,29,123,2,4,11,2160,,,2164,0,,2414547,326,20
2022-05-03,Wales,W92000004,793,16,154,5,83,4,4827,,,4910,0,,2414299,115,22
2022-05-02,Wales,W92000004,793,18,80,5,0,0,0,,,0,0,,2413916,0,20
2022-05-01,Wales,W92000004,775,19,76,5,0,0,0,,,0,0,,2413864,0,20
2022-04-30,Wales,W92000004,800,18,73,3,0,0,0,,,0,0,,2413707,0,21
2022-04-29,Wales,W92000004,797,23,92,7,26,10,1375,,,1401,0,,2413245,133,23
2022-04-28,Wales,W92000004,816,25,138,5,32,13,1494,,,1526,0,,2412986,143,25
2022-04-27,Wales,W92000004,822,18,115,8,64,14,1648,,,1712,0,,2411233,184,24
2022-04-26,Wales,W92000004,877,21,150,7,9,10,2190,,,2199,0,,2410975,343,23
2022-04-25,Wales,W92000004,927,18,148,9,92,12,4370,,,4462,0,,2410601,159,21
2022-04-24,Wales,W92000004,915,24,109,5,0,0,0,,,0,0,,2410218,0,16
2022-04-23,Wales,W92000004,923,27,112,6,0,0,0,,,0,0,,2409962,0,17
2022-04-22,Wales,W92000004,946,26,154,9,31,10,1487,,,1518,0,,2409619,163,17
2022-04-21,Wales,W92000004,894,26,136,6,39,13,1647,,,1686,0,,2409163,255,17
2022-04-20,Wales,W92000004,998,26,163,6,39,18,2146,,,2185,0,,2408499,816,18
2022-04-19,Wales,W92000004,1041,18,214,11,184,16,6548,,,6732,0,,2408048,272,22
2022-04-18,Wales,W92000004,1044,28,184,5,88,0,1653,,,1741,0,,2407412,0,30
2022-04-17,Wales,W92000004,1030,25,167,6,0,0,0,,,0,0,,2407385,0,28
2022-04-16,Wales,W92000004,1055,27,140,7,0,0,0,,,0,0,,2407353,0,27
2022-04-15,Wales,W92000004,1032,49,150,9,0,0,0,,,0,0,,2407231,0,29
2022-04-14,Wales,W92000004,1068,45,233,5,0,10,0,,,0,0,,2407108,338,29
2022-04-13,Wales,W92000004,1059,33,254,5,113,5,2048,,,2161,0,,2406341,308,25
2022-04-12,Wales,W92000004,1055,37,277,7,18,15,2687,,,2705,0,,2406045,704,22
2022-04-11,Wales,W92000004,1003,21,319,6,227,13,4925,,,5152,0,,2405595,373,20
2022-04-10,Wales,W92000004,985,32,207,9,0,0,0,,,0,0,,2405181,0,20
2022-04-09,Wales,W92000004,988,45,196,7,0,0,0,,,0,0,,2404889,0,17
2022-04-08,Wales,W92000004,975,45,314,7,116,5,1872,,,1988,0,,2404313,404,15
2022-04-07,Wales,W92000004,949,34,341,12,155,5,2048,,,2203,0,,2403946,537,17
2022-04-06,Wales,W92000004,1005,63,367,4,245,16,2874,,,3119,0,,2403202,391,17
2022-04-05,Wales,W92000004,945,42,463,10,74,7,2672,,,2746,0,,2402919,1834,17
2022-04-04,Wales,W92000004,1030,30,473,8,2522,7,5695,,,8217,0,,2402616,1485,20
2022-04-03,Wales,W92000004,1014,25,256,6,0,0,0,,,0,0,,2402290,0,14
2022-04-02,Wales,W92000004,989,52,318,8,0,0,0,,,0,0,,2401969,0,17
2022-04-01,Wales,W92000004,1062,46,524,5,2880,10,1980,,,4860,0,,2401437,1438,16
2022-03-31,Wales,W92000004,1031,37,1025,6,2666,18,2633,,,5299,0,,2400924,1379,17
2022-03-30,Wales,W92000004,1024,39,1380,9,2508,18,2932,,,5440,0,,2400096,1745,17
2022-03-29,Wales,W92000004,1051,37,1473,8,2885,4,3358,,,6243,0,,2399745,4853,17
2022-03-28,Wales,W92000004,1059,26,1957,9,11568,27,8299,,,19867,0,,2399341,2206,19
2022-03-27,Wales,W92000004,1047,41,1173,9,0,0,0,,,0,0,,2398676,0,16
2022-03-26,Wales,W92000004,1011,51,1288,9,0,0,0,,,0,0,,2398322,0,13
2022-03-25,Wales,W92000004,1017,36,1923,11,6473,3,2968,,,9441,0,,2398097,2128,11
2022-03-24,Wales,W92000004,988,38,2063,9,6505,2,3568,,,10073,0,,2397677,2743,14
2022-03-23,Wales,W92000004,932,42,2489,8,8261,15,3869,,,12130,0,,2397404,1877,13
2022-03-22,Wales,W92000004,912,44,2502,6,3296,5,4199,,,7495,0,,2397089,4909,15
2022-03-21,Wales,W92000004,872,19,2898,8,11983,4,8995,,,20978,0,,2396755,2566,14
2022-03-20,Wales,W92000004,834,24,1465,7,0,0,0,,,0,0,,2396378,0,13
2022-03-19,Wales,W92000004,785,32,1399,6,0,0,0,,,0,0,,2395988,0,15
2022-03-18,Wales,W92000004,804,42,1810,4,7997,8,3252,,,11249,0,,2395523,1935,16
2022-03-17,Wales,W92000004,799,38,2075,6,7038,7,3631,,,10669,0,,2395167,2261,12
2022-03-16,Wales,W92000004,740,24,2306,10,6966,1,3954,,,10920,0,,2394614,1878,13
2022-03-15,Wales,W92000004,690,30,2396,4,3385,2,4265,,,7650,0,,2394178,4114,13
2022-03-14,Wales,W92000004,661,26,2471,6,10486,3,9083,,,19569,0,,2393793,1508,13
2022-03-13,Wales,W92000004,655,12,1284,4,0,0,0,,,0,0,,2393428,0,11
2022-03-12,Wales,W92000004,634,25,1147,1,0,0,0,,,0,0,,2392797,0,9
2022-03-11,Wales,W92000004,618,35,1388,4,6683,4,3409,,,10092,0,,2392270,1525,9
2022-03-10,Wales,W92000004,600,30,1501,1,7125,2,3386,,,10511,0,,2391780,1548,9
2022-03-09,Wales,W92000004,596,23,1569,2,6117,6,3906,,,10023,0,,2391356,1141,11
2022-03-08,Wales,W92000004,542,22,1492,1,2283,16,4190,,,6473,0,,2390625,2628,12
2022-03-07,Wales,W92000004,559,18,1494,2,9223,2,9096,,,18319,0,,2389857,1023,10
2022-03-06,Wales,W92000004,545,20,855,4,0,0,0,,,0,0,,2389355,0,8
2022-03-05,Wales,W92000004,553,19,787,4,0,0,0,,,0,0,,2388842,0,9
2022-03-04,Wales,W92000004,554,32,832,5,5521,3,3262,,,8783,0,,2388059,1177,8
2022-03-03,Wales,W92000004,544,14,1052,3,6820,11,4321,,,11141,0,,2387565,899,11
2022-03-02,Wales,W92000004,547,24,1055,3,5486,8,3501,,,8987,0,,2387141,808,11
2022-03-01,Wales,W92000004,579,14,983,2,1926,10,3952,,,5878,0,,2386665,2225,10
2022-02-28,Wales,W92000004,578,17,999,9,9388,4,8234,,,17622,0,,2386176,339,11
2022-02-27,Wales,W92000004,553,8,589,4,3491,0,3137,,,6628,0,,2385800,0,13
2022-02-26,Wales,W92000004,543,22,499,5,0,0,0,,,0,0,,2385333,0,11
2022-02-25,Wales,W92000004,588,18,617,7,0,10,0,,,0,0,,2384514,855,9
2022-02-24,Wales,W92000004,596,28,708,10,5763,8,3841,,,9604,0,,2383980,1059,12
2022-02-23,Wales,W92000004,599,26,858,2,6312,5,3990,,,10302,0,,2383405,903,9
2022-02-22,Wales,W92000004,595,20,823,5,2057,12,3444,,,5501,0,,2382807,1672,11
2022-02-21,Wales,W92000004,582,14,1087,2,7612,1,8789,,,16401,0,,2382278,1114,12
2022-02-20,Wales,W92000004,600,14,559,6,0,0,0,,,0,0,,2381764,0,14
2022-02-19,Wales,W92000004,598,21,842,7,0,0,0,,,0,0,,2381212,0,16
2022-02-18,Wales,W92000004,548,18,278,6,6623,8,3690,,,10313,0,,2379968,1260,17
2022-02-17,Wales,W92000004,580,19,968,5,7448,4,4118,,,11566,0,,2379805,1352,10
2022-02-16,Wales,W92000004,562,27,1251,4,6822,8,3922,,,10744,0,,2379217,1124,13
2022-02-15,Wales,W92000004,688,23,1272,9,2913,0,4280,,,7193,0,,2378724,923,12
2022-02-14,Wales,W92000004,671,30,1450,6,2586,10,2976,,,5562,0,,2378179,2122,14
2022-02-13,Wales,W92000004,673,17,855,7,10054,1,6644,,,16698,0,,2377764,1495,10
2022-02-12,Wales,W92000004,671,18,792,2,0,0,0,,,0,0,,2376514,0,11
2022-02-11,Wales,W92000004,650,20,1071,5,7768,18,3689,,,11457,0,,2375427,1899,15
2022-02-10,Wales,W92000004,692,21,1380,4,10139,5,4043,,,14182,0,,2374949,1761,16
2022-02-09,Wales,W92000004,722,22,1649,6,7952,17,4329,,,12281,0,,2374132,1388,16
2022-02-08,Wales,W92000004,745,20,1815,8,4019,0,4937,,,8956,0,,2373698,1107,15
2022-02-07,Wales,W92000004,743,18,1953,10,2776,9,3066,,,5842,0,,2373251,3382,14
2022-02-06,Wales,W92000004,740,29,1147,8,13674,11,6769,,,20443,0,,2372915,1868,16
2022-02-05,Wales,W92000004,752,22,1095,4,0,0,0,,,0,0,,2371819,0,15
2022-02-04,Wales,W92000004,774,34,1661,9,8645,8,4270,,,12915,0,,2370772,2606,13
2022-02-03,Wales,W92000004,768,29,1770,7,11229,11,4496,,,15725,0,,2370157,2424,13
2022-02-02,Wales,W92000004,769,23,2276,6,9190,10,5182,,,14372,0,,2369532,1870,13
2022-02-01,Wales,W92000004,803,30,2457,8,4530,0,4391,,,8921,0,,2369003,1635,11
2022-01-31,Wales,W92000004,794,25,2648,9,3972,11,3983,,,7955,0,,2368368,4528,13
2022-01-30,Wales,W92000004,772,20,1544,10,15484,8,7585,,,23069,0,,2367526,2840,17
2022-01-29,Wales,W92000004,777,14,1582,4,0,0,0,,,0,0,,2365580,0,18
2022-01-28,Wales,W92000004,820,31,2140,8,12327,6,4649,,,16976,0,,2362728,2772,18
2022-01-27,Wales,W92000004,816,29,2461,6,11482,10,4621,,,16103,0,,2361757,3007,20
2022-01-26,Wales,W92000004,786,23,2926,8,9916,4,4765,,,14681,0,,2361042,2707,19
2022-01-25,Wales,W92000004,717,23,2944,7,5458,2,5607,,,11065,0,,2360321,1977,22
2022-01-24,Wales,W92000004,792,19,3300,7,4600,11,3671,,,8271,0,,2359337,4327,19
2022-01-23,Wales,W92000004,726,25,2047,8,14373,8,7677,,,22050,0,,2358151,2827,21
2022-01-22,Wales,W92000004,756,22,1867,6,0,0,0,,,0,0,,2355492,0,22
2022-01-21,Wales,W92000004,808,33,2351,7,10891,11,4332,,,15223,0,,2350200,2427,26
2022-01-20,Wales,W92000004,797,40,2437,3,11435,21,4505,,,15940,0,,2349478,2768,27
2022-01-19,Wales,W92000004,800,36,2484,9,10025,23,5483,,,15508,0,,2347972,2136,25
2022-01-18,Wales,W92000004,844,31,2603,11,4848,1,4803,,,9651,0,,2346551,1857,25
2022-01-17,Wales,W92000004,850,31,2958,14,4398,18,3850,,,8248,0,,2345081,3975,26
2022-01-16,Wales,W92000004,858,42,1783,15,14564,6,8363,,,22927,0,,2343756,2133,29
2022-01-15,Wales,W92000004,846,47,1483,12,0,0,0,,,0,0,,2341616,0,32
2022-01-14,Wales,W92000004,858,48,1945,5,10186,4,4121,,,14307,0,,2335887,2864,34
2022-01-13,Wales,W92000004,861,38,2100,11,12253,11,4302,,,16555,0,,2334096,3197,31
2022-01-12,Wales,W92000004,867,38,2406,7,11150,14,4957,,,16107,0,,2332336,2886,30
2022-01-11,Wales,W92000004,890,49,2733,6,6207,4,5497,,,11704,0,,2330364,2176,31
2022-01-10,Wales,W92000004,849,46,3596,10,5827,16,3757,,,9584,0,,2328295,11693,38
2022-01-09,Wales,W92000004,815,42,2180,11,36932,8,10299,,,47231,0,,2326390,8923,34
2022-01-08,Wales,W92000004,773,40,2465,6,0,0,0,,,0,0,,2324164,0,39
2022-01-07,Wales,W92000004,752,45,3367,7,23654,21,6843,,,30497,0,,2317917,7915,38
2022-01-06,Wales,W92000004,723,56,4714,13,20731,6,6567,,,27298,0,,2314745,9213,39
2022-01-05,Wales,W92000004,702,47,8991,5,20175,10,7240,,,27415,0,,2311284,21279,40
2022-01-04,Wales,W92000004,677,57,12452,15,47448,8,9228,,,56676,0,,2307957,22317,36
2022-01-03,Wales,W92000004,631,41,9457,8,0,0,0,,,0,0,,2304792,0,37
2022-01-02,Wales,W92000004,604,43,9855,10,52861,14,10002,,,62863,0,,2303854,14036,34
2022-01-01,Wales,W92000004,577,76,6224,5,0,0,0,,,0,0,,2303262,0,33
2021-12-31,Wales,W92000004,531,53,9912,8,28551,11,5379,,,33930,0,,2303258,10393,33
2021-12-30,Wales,W92000004,509,52,12832,6,21954,3,6281,,,28235,0,,2302282,21051,35
2021-12-29,Wales,W92000004,454,36,16252,8,23482,2,4245,,,27727,0,,2301312,5929,32
2021-12-28,Wales,W92000004,417,32,13615,4,0,3,0,,,0,0,,2300054,12378,31
2021-12-27,Wales,W92000004,387,21,13373,4,32267,0,5962,,,38229,0,,2299242,0,31
2021-12-26,Wales,W92000004,366,24,6364,5,43988,3,8206,,,52194,0,,2296647,5335,33
2021-12-25,Wales,W92000004,338,32,2940,1,0,0,0,,,0,0,,2296647,0,32
2021-12-24,Wales,W92000004,351,28,5718,7,21298,10,4959,,,26257,0,,2296647,6755,29
2021-12-23,Wales,W92000004,342,32,6878,1,28201,10,5537,,,33738,0,,2296242,3292,32
2021-12-22,Wales,W92000004,346,25,7134,3,15582,3,5940,,,21522,0,,2294701,4662,31
2021-12-21,Wales,W92000004,330,32,6326,1,18970,6,6396,,,25366,0,,2292930,2375,29
2021-12-20,Wales,W92000004,330,18,5027,7,12180,8,3923,,,16103,0,,2291345,6796,30
2021-12-19,Wales,W92000004,335,21,2928,3,41860,4,9924,,,51784,0,,2289735,3462,29
2021-12-18,Wales,W92000004,345,21,2772,7,0,0,0,,,0,0,,2288340,0,31
2021-12-17,Wales,W92000004,345,27,3216,4,22906,3,5423,,,28329,0,,2287041,3129,33
2021-12-16,Wales,W92000004,362,22,3596,6,22856,0,5639,,,28495,0,,2285976,2889,33
2021-12-15,Wales,W92000004,381,24,3606,6,20370,10,6040,,,26410,0,,2284785,2431,37
2021-12-14,Wales,W92000004,387,33,3302,5,13929,2,5900,,,19829,0,,2283371,1819,36
2021-12-13,Wales,W92000004,390,13,2937,3,11103,8,3601,,,14704,0,,2282420,4543,37
2021-12-12,Wales,W92000004,363,20,1943,5,34778,5,8881,,,43659,0,,2281161,2591,36
2021-12-11,Wales,W92000004,367,22,1896,6,0,0,0,,,0,0,,2279366,0,35
2021-12-10,Wales,W92000004,400,27,2207,4,20939,9,5375,,,26314,0,,2277255,2462,37
2021-12-09,Wales,W92000004,388,32,2424,9,21770,15,5710,,,27480,0,,2276428,2302,39
2021-12-08,Wales,W92000004,375,27,2663,2,19072,11,5587,,,24659,0,,2275434,2313,36
2021-12-07,Wales,W92000004,385,23,2500,4,14921,2,5673,,,20594,0,,2274197,2107,35
2021-12-06,Wales,W92000004,417,15,2816,8,12066,6,3969,,,16035,0,,2273156,4405,37
2021-12-05,Wales,W92000004,409,26,1957,10,35289,5,8952,,,44241,0,,2272339,2567,41
2021-12-04,Wales,W92000004,421,25,1855,9,0,0,0,,,0,0,,2270779,0,44
2021-12-03,Wales,W92000004,456,30,2198,5,21018,8,5271,,,26289,0,,2268700,2356,43
2021-12-02,Wales,W92000004,452,17,2417,7,20037,8,5016,,,25053,0,,2267834,2791,45
2021-12-01,Wales,W92000004,453,30,2438,5,20317,7,6082,,,26399,0,,2266994,2067,44
2021-11-30,Wales,W92000004,473,29,2761,3,11081,4,5855,,,16936,0,,2265776,1972,48
2021-11-29,Wales,W92000004,481,21,2854,3,11268,10,3915,,,15183,0,,2264474,3969,47
2021-11-28,Wales,W92000004,447,21,2009,6,31311,9,8790,,,40101,0,,2263540,1963,44
2021-11-27,Wales,W92000004,450,28,1591,4,0,0,0,,,0,0,,2262365,0,46
2021-11-26,Wales,W92000004,451,26,1985,7,18026,5,4907,,,22933,0,,2261178,2927,47
2021-11-25,Wales,W92000004,474,35,2152,7,23599,9,5572,,,29171,0,,2260662,2377,52
2021-11-24,Wales,W92000004,476,35,2323,8,18697,7,6199,,,24896,0,,2260038,2154,54
2021-11-23,Wales,W92000004,488,25,2490,4,12074,4,5563,,,17637,0,,2259175,1931,54
2021-11-22,Wales,W92000004,524,21,2810,6,11014,8,3889,,,14903,0,,2258309,4489,58
2021-11-21,Wales,W92000004,520,35,1832,4,34322,7,9281,,,43603,0,,2257689,2408,54
2021-11-20,Wales,W92000004,526,38,1816,11,0,0,0,,,0,0,,2256956,0,60
2021-11-19,Wales,W92000004,536,38,1976,9,18050,8,6024,,,24074,0,,2256144,2456,57
2021-11-18,Wales,W92000004,547,32,2268,5,20285,20,6331,,,26616,0,,2255461,2576,59
2021-11-17,Wales,W92000004,569,22,2551,10,17660,17,5688,,,23348,0,,2254782,2417,60
2021-11-16,Wales,W92000004,594,50,2708,5,12773,2,5713,,,18486,0,,2254184,1921,59
2021-11-15,Wales,W92000004,625,30,2914,12,10140,13,3599,,,13739,0,,2253495,4520,62
2021-11-14,Wales,W92000004,616,32,2023,5,30680,6,9091,,,39771,0,,2253134,2659,62
2021-11-13,Wales,W92000004,594,34,1848,11,0,0,0,,,0,0,,2252724,0,64
2021-11-12,Wales,W92000004,623,42,2246,9,18166,4,5526,,,23692,0,,2252067,2784,69
2021-11-11,Wales,W92000004,621,36,2575,9,20195,12,5801,,,25996,0,,2251326,2134,67
2021-11-10,Wales,W92000004,641,45,2764,10,16335,18,6109,,,22444,0,,2250655,2171,73
2021-11-09,Wales,W92000004,649,38,2490,10,11829,5,5286,,,17115,0,,2249934,1784,73
2021-11-08,Wales,W92000004,654,24,2624,9,9287,14,4044,,,13331,0,,2249300,4303,72
2021-11-07,Wales,W92000004,647,45,1799,12,30244,9,9336,,,39580,0,,2248786,2583,75
2021-11-06,Wales,W92000004,640,49,1629,7,0,0,0,,,0,0,,2248272,0,73
2021-11-05,Wales,W92000004,666,39,2029,11,18451,13,5554,,,24005,0,,2247724,1986,75
2021-11-04,Wales,W92000004,686,42,2276,8,16261,17,5982,,,22243,0,,2246996,2799,73
2021-11-03,Wales,W92000004,707,50,2401,8,19190,7,6033,,,25223,0,,2246341,2492,72
2021-11-02,Wales,W92000004,697,42,2463,9,11333,10,5845,,,17178,0,,2245579,2210,73
2021-11-01,Wales,W92000004,691,37,2874,9,10937,17,2815,,,13752,0,,2244886,4983,75
2021-10-31,Wales,W92000004,686,43,2203,11,28899,9,8435,,,37334,0,,2244276,3016,73
2021-10-30,Wales,W92000004,681,48,2319,12,0,0,0,,,0,0,,2243914,0,68
2021-10-29,Wales,W92000004,686,49,2617,12,17722,7,5524,,,23246,0,,2243421,2561,68
2021-10-28,Wales,W92000004,687,39,2614,12,18156,12,5258,,,23414,0,,2242868,2664,68
2021-10-27,Wales,W92000004,689,48,2594,7,16545,5,5334,,,21879,0,,2242337,2582,63
2021-10-26,Wales,W92000004,658,52,2639,10,10609,31,6053,,,16662,0,,2241637,5288,64
2021-10-25,Wales,W92000004,632,35,2961,5,29872,0,7489,,,37361,0,,2240960,0,56
2021-10-24,Wales,W92000004,606,38,2286,9,0,12,0,,,0,0,,2240432,3152,60
2021-10-23,Wales,W92000004,590,46,2193,4,0,0,0,,,0,0,,2240110,0,57
2021-10-22,Wales,W92000004,585,49,2643,5,20699,11,5134,,,25833,0,,2239671,3296,59
2021-10-21,Wales,W92000004,597,47,2921,15,20766,13,5502,,,26268,0,,2238954,4240,59
2021-10-20,Wales,W92000004,596,51,3439,16,23868,13,6917,,,30785,0,,2238258,3450,53
2021-10-19,Wales,W92000004,569,41,3656,11,14435,2,6038,,,20473,0,,2237199,3200,52
2021-10-18,Wales,W92000004,590,29,4054,8,14904,20,4485,,,19389,0,,2236392,6398,55
2021-10-17,Wales,W92000004,575,35,2870,8,40299,10,8446,,,48745,0,,2235723,2965,55
2021-10-16,Wales,W92000004,552,38,3077,12,0,0,0,,,0,0,,2235447,0,53
2021-10-15,Wales,W92000004,540,47,3249,12,17925,15,5709,,,23634,0,,2234947,3130,51
2021-10-14,Wales,W92000004,541,37,3210,14,20984,12,6375,,,27359,0,,2233773,2635,51
2021-10-13,Wales,W92000004,515,51,3273,7,19526,4,5832,,,25358,0,,2232967,2266,47
2021-10-12,Wales,W92000004,516,38,3382,9,12566,1,5497,,,18063,0,,2231804,2047,51
2021-10-11,Wales,W92000004,496,37,2907,5,13162,8,3889,,,17051,0,,2230674,4469,45
2021-10-10,Wales,W92000004,476,33,1873,10,43734,0,9378,,,53112,0,,2229956,0,42
2021-10-09,Wales,W92000004,460,28,1972,3,0,0,0,,,0,0,,2229508,0,42
2021-10-08,Wales,W92000004,461,37,2223,6,45611,23,11542,,,57153,0,,2228786,5705,41
2021-10-07,Wales,W92000004,461,36,2418,9,0,8,0,,,0,0,,2228122,3400,48
2021-10-06,Wales,W92000004,461,27,2782,12,23744,8,6776,,,30520,0,,2227522,2007,49
2021-10-05,Wales,W92000004,470,36,2870,7,12196,2,6218,,,18414,0,,2226708,1758,47
2021-10-04,Wales,W92000004,491,20,2962,4,15549,17,4077,,,19626,0,,2226140,3986,42
2021-10-03,Wales,W92000004,470,28,1883,5,38026,10,9123,,,47149,0,,2225525,2331,41
2021-10-02,Wales,W92000004,451,35,1671,8,25673,0,6077,,,31750,0,,2224661,0,43
2021-10-01,Wales,W92000004,438,39,1961,10,0,5,0,,,0,0,,2224196,3009,43
2021-09-30,Wales,W92000004,463,34,2397,11,26758,13,5886,,,32644,0,,2223545,2580,44
2021-09-29,Wales,W92000004,480,52,2377,12,25917,9,5453,,,31370,0,,2222830,3369,44
2021-09-28,Wales,W92000004,477,41,2598,10,20733,6,5759,,,26492,0,,2222202,2270,48
2021-09-27,Wales,W92000004,494,17,2531,9,17984,12,4380,,,22364,0,,2221612,5659,45
2021-09-26,Wales,W92000004,454,28,2205,5,44820,13,9612,,,54432,0,,2220762,3303,48
2021-09-25,Wales,W92000004,450,37,2215,7,28595,0,6196,,,34791,0,,2220074,0,48
2021-09-24,Wales,W92000004,469,33,2701,5,0,2,0,,,0,0,,2219473,2727,46
2021-09-23,Wales,W92000004,480,43,3310,8,23811,6,5533,,,29344,0,,2218515,2476,48
2021-09-22,Wales,W92000004,496,38,3349,5,19705,10,6033,,,25738,0,,2217956,2485,48
2021-09-21,Wales,W92000004,520,40,3286,3,16394,7,5826,,,22220,0,,2216912,2576,50
2021-09-20,Wales,W92000004,532,24,3374,8,15977,17,4560,,,20537,0,,2215768,5258,47
2021-09-19,Wales,W92000004,518,32,2556,3,40429,15,9688,,,50117,0,,2214219,2717,54
2021-09-18,Wales,W92000004,506,52,2238,5,0,0,0,,,0,0,,2213783,0,49
2021-09-17,Wales,W92000004,512,38,2739,15,22753,8,6232,,,28985,0,,2212387,2618,49
2021-09-16,Wales,W92000004,514,30,2751,14,23084,4,6708,,,29792,0,,2211035,2891,44
2021-09-15,Wales,W92000004,529,43,2729,15,19365,10,6720,,,26085,0,,2209785,2298,47
2021-09-14,Wales,W92000004,505,51,2726,6,14674,5,5311,,,19985,0,,2208460,1924,47
2021-09-13,Wales,W92000004,500,36,2986,7,12467,21,3776,,,16243,0,,2202393,4308,48
2021-09-12,Wales,W92000004,477,37,1887,7,33997,8,9288,,,43285,0,,2201389,2317,48
2021-09-11,Wales,W92000004,457,37,1944,7,0,0,0,,,0,0,,2200560,0,44
2021-09-10,Wales,W92000004,450,45,1998,10,17289,5,5315,,,22604,0,,2198936,2467,41
2021-09-09,Wales,W92000004,446,41,2319,11,18659,9,5770,,,24429,0,,2196957,2297,43
2021-09-08,Wales,W92000004,428,41,2382,6,13796,10,5992,,,19788,0,,2195417,2669,49
2021-09-07,Wales,W92000004,404,44,2293,8,10600,3,5906,,,16506,0,,2194075,2504,50
2021-09-06,Wales,W92000004,369,40,2902,3,12872,8,4614,,,17486,0,,2192341,5161,46
2021-09-05,Wales,W92000004,349,38,2108,10,32692,3,9529,,,42221,0,,2191445,2389,45
2021-09-04,Wales,W92000004,339,40,2160,6,17277,0,5546,,,22823,0,,2190401,0,46
2021-09-03,Wales,W92000004,331,36,2347,5,0,6,0,,,0,0,,2189004,2391,47
2021-09-02,Wales,W92000004,322,39,2681,9,16939,5,4661,,,21600,0,,2186704,2275,48
2021-09-01,Wales,W92000004,313,40,2870,1,11904,5,6382,,,18286,0,,2183656,3328,44
2021-08-31,Wales,W92000004,302,23,3022,4,16364,1,8108,,,24472,0,,2182301,3872,44
2021-08-30,Wales,W92000004,287,39,1788,3,0,0,0,,,0,0,,2180336,0,40
2021-08-29,Wales,W92000004,264,22,1438,6,21538,3,9213,,,30751,0,,2180222,2357,38
2021-08-28,Wales,W92000004,255,37,1516,3,0,0,0,,,0,0,,2179653,0,40
2021-08-27,Wales,W92000004,242,37,1959,6,16207,5,5508,,,21715,0,,2178145,1791,40
2021-08-26,Wales,W92000004,240,25,2187,1,15558,1,4743,,,20301,0,,2174937,2389,37
2021-08-25,Wales,W92000004,217,37,2271,5,12606,4,5192,,,17798,0,,2171499,1705,33
2021-08-24,Wales,W92000004,216,28,2156,1,7543,0,4798,,,12341,0,,2169358,1393,31
2021-08-23,Wales,W92000004,205,19,2049,3,6864,2,3483,,,10347,0,,2166569,3247,28
2021-08-22,Wales,W92000004,196,12,1379,1,22152,5,7529,,,29681,0,,2165119,1626,33
2021-08-21,Wales,W92000004,184,28,1390,0,12342,0,0,,,12342,0,,2162418,0,31
2021-08-20,Wales,W92000004,192,26,1619,4,12342,4,4779,,,17121,0,,2159597,1728,31
2021-08-19,Wales,W92000004,182,21,1858,2,14111,2,5230,,,19341,0,,2156653,1480,29
2021-08-18,Wales,W92000004,162,17,1782,2,11148,4,4155,,,15303,0,,2153517,1373,26
2021-08-17,Wales,W92000004,152,22,1736,1,6015,0,5133,,,11148,0,,2150141,761,27
2021-08-16,Wales,W92000004,144,9,1585,0,4306,3,3474,,,7780,0,,2146391,2394,29
2021-08-15,Wales,W92000004,140,17,1098,5,19061,4,7338,,,26399,0,,2144119,1099,26
2021-08-14,Wales,W92000004,133,13,1003,4,0,0,0,,,0,0,,2141039,0,28
2021-08-13,Wales,W92000004,133,18,1122,1,11393,2,4800,,,16193,0,,2136749,1090,26
2021-08-12,Wales,W92000004,131,13,1259,5,11307,2,4161,,,15468,0,,2132116,1846,25
2021-08-11,Wales,W92000004,139,14,1184,0,10181,0,5726,,,15907,0,,2127921,0,21
2021-08-10,Wales,W92000004,143,12,946,4,4666,1,5360,,,10026,0,,2123159,543,20
2021-08-09,Wales,W92000004,144,12,957,2,3909,3,3272,,,7181,0,,2118707,1364,21
2021-08-08,Wales,W92000004,138,15,585,0,17095,3,8396,,,25491,0,,2115477,864,22
2021-08-07,Wales,W92000004,130,18,580,1,0,0,0,,,0,0,,2111288,0,20
2021-08-06,Wales,W92000004,133,17,707,2,10299,0,4303,,,14602,0,,2105153,803,23
2021-08-05,Wales,W92000004,130,7,788,1,11209,3,4558,,,15767,0,,2099624,681,19
2021-08-04,Wales,W92000004,133,12,796,0,9072,4,5007,,,14079,0,,2092103,608,22
2021-08-03,Wales,W92000004,148,9,736,4,4037,0,4290,,,8327,0,,2083343,581,20
2021-08-02,Wales,W92000004,159,13,760,3,3999,1,3959,,,7958,0,,2073996,1106,21
2021-08-01,Wales,W92000004,147,21,525,3,16038,5,8182,,,24220,0,,2066442,719,22
2021-07-31,Wales,W92000004,144,14,478,2,0,0,0,,,0,0,,2062402,0,19
2021-07-30,Wales,W92000004,140,10,587,0,10461,4,4330,,,14791,0,,2054596,824,19
2021-07-29,Wales,W92000004,138,12,689,1,12897,3,4953,,,17850,0,,2047616,724,19
2021-07-28,Wales,W92000004,144,26,688,4,9646,6,5101,,,14747,0,,2036670,588,19
2021-07-27,Wales,W92000004,142,12,768,3,4640,0,5091,,,9731,0,,2023733,704,26
2021-07-26,Wales,W92000004,145,10,755,2,5983,2,3556,,,9539,0,,2013128,1130,27
2021-07-25,Wales,W92000004,128,14,530,2,14673,0,6781,,,21454,0,,2002162,1238,26
2021-07-24,Wales,W92000004,133,23,582,3,16944,0,5615,,,22559,0,,1993816,0,25
2021-07-23,Wales,W92000004,129,25,684,2,0,1,0,,,0,0,,1985047,755,25
2021-07-22,Wales,W92000004,120,21,823,1,8553,4,5026,,,13579,0,,1973196,712,24
2021-07-21,Wales,W92000004,107,31,802,1,7893,1,5109,,,13002,0,,1959641,941,26
2021-07-20,Wales,W92000004,103,27,821,2,7487,0,4754,,,12241,0,,1946526,555,25
2021-07-19,Wales,W92000004,100,14,910,2,5198,3,3380,,,8578,0,,1933664,2053,20
2021-07-18,Wales,W92000004,89,9,619,1,23716,3,7583,,,31299,0,,1925084,1112,21
2021-07-17,Wales,W92000004,92,17,640,1,13438,0,4626,,,18064,0,,1918345,0,17
2021-07-16,Wales,W92000004,85,19,956,3,0,2,0,,,0,0,,1905420,1083,12
2021-07-15,Wales,W92000004,88,8,1119,1,13372,0,5032,,,18404,0,,1892082,861,10
2021-07-14,Wales,W92000004,81,11,1206,2,10600,1,5136,,,15736,0,,1876709,1135,9
2021-07-13,Wales,W92000004,67,9,1099,2,13861,1,5325,,,19186,0,,1861700,737,10
2021-07-12,Wales,W92000004,67,3,916,0,9345,0,3220,,,12565,0,,1846043,1190,8
2021-07-11,Wales,W92000004,62,5,713,1,16569,0,6979,,,23548,0,,1832550,698,5
2021-07-10,Wales,W92000004,66,8,656,1,0,0,0,,,0,0,,1825167,0,7
2021-07-09,Wales,W92000004,65,17,778,1,8868,1,4512,,,13380,0,,1810196,655,5
2021-07-08,Wales,W92000004,61,5,713,0,13684,0,4386,,,18070,0,,1798260,701,3
2021-07-07,Wales,W92000004,57,7,778,1,13322,0,4770,,,18092,0,,1783079,663,5
2021-07-06,Wales,W92000004,58,7,771,0,6974,1,4978,,,11952,0,,1764640,698,6
2021-07-05,Wales,W92000004,60,6,777,0,7763,2,3291,,,11054,0,,1746136,1256,8
2021-07-04,Wales,W92000004,43,3,555,0,25246,0,7399,,,32645,0,,1730632,535,5
2021-07-03,Wales,W92000004,46,9,497,1,0,0,0,,,0,0,,1723824,0,5
2021-07-02,Wales,W92000004,50,5,575,1,11939,0,3969,,,15908,0,,1712534,570,4
2021-07-01,Wales,W92000004,44,8,645,0,13630,0,4999,,,18629,0,,1695819,481,3
2021-06-30,Wales,W92000004,39,7,597,0,9101,0,4609,,,13710,0,,1677738,513,2
2021-06-29,Wales,W92000004,41,6,637,1,7124,0,4523,,,11647,0,,1659754,281,2
2021-06-28,Wales,W92000004,36,1,628,0,5038,0,3533,,,8571,0,,1642788,670,3
2021-06-27,Wales,W92000004,42,3,364,0,18095,1,6466,,,24561,0,,1627242,416,2
2021-06-26,Wales,W92000004,40,8,252,0,0,0,0,,,0,0,,1618476,0,2
2021-06-25,Wales,W92000004,38,4,377,0,12663,1,3723,,,16386,0,,1607785,336,3
2021-06-24,Wales,W92000004,38,8,413,0,12301,0,4366,,,16667,0,,1591322,438,2
2021-06-23,Wales,W92000004,42,5,413,1,10871,1,4456,,,15327,0,,1571710,213,1
2021-06-22,Wales,W92000004,44,6,344,0,5209,0,4437,,,9646,0,,1553091,175,3
2021-06-21,Wales,W92000004,46,10,342,1,4750,0,3414,,,8164,0,,1534373,484,1
2021-06-20,Wales,W92000004,45,5,187,0,18148,0,6557,,,24705,0,,1517604,176,1
2021-06-19,Wales,W92000004,40,8,195,2,0,0,0,,,0,0,,1509144,0,2
2021-06-18,Wales,W92000004,44,8,174,0,9582,0,4018,,,13600,0,,1490746,163,1
2021-06-17,Wales,W92000004,38,13,222,0,8888,0,3894,,,12782,0,,1473927,140,1
2021-06-16,Wales,W92000004,45,11,189,0,7625,0,4179,,,11804,0,,1454064,141,1
2021-06-15,Wales,W92000004,44,8,194,0,2741,0,4199,,,6940,0,,1432201,98,2
2021-06-14,Wales,W92000004,41,3,159,0,2811,0,3275,,,6086,0,,1410924,247,1
2021-06-13,Wales,W92000004,44,10,112,0,12677,1,6530,,,19207,0,,1384673,115,1
2021-06-12,Wales,W92000004,40,8,85,0,0,0,0,,,0,0,,1378010,0,3
2021-06-11,Wales,W92000004,37,8,130,0,8385,0,3526,,,11911,0,,1358158,118,2
2021-06-10,Wales,W92000004,41,6,141,0,9565,1,3862,,,13427,0,,1336479,113,4
2021-06-09,Wales,W92000004,39,5,129,1,7542,0,4213,,,11755,0,,1314368,223,3
2021-06-08,Wales,W92000004,30,17,117,0,11291,0,4225,,,15516,0,,1291699,22,2
2021-06-07,Wales,W92000004,27,12,105,0,0,1,3140,,,3140,0,,1270606,75,3
2021-06-06,Wales,W92000004,22,5,68,0,8830,0,6058,,,14888,0,,1249268,92,4
2021-06-05,Wales,W92000004,22,9,77,1,0,0,0,,,0,0,,1237123,0,3
2021-06-04,Wales,W92000004,22,5,65,0,9817,0,3561,,,13378,0,,1208599,71,3
2021-06-03,Wales,W92000004,24,2,88,0,9422,0,3737,,,13159,0,,1181259,49,2
2021-06-02,Wales,W92000004,22,6,81,0,3854,0,4312,,,8166,0,,1157904,83,3
2021-06-01,Wales,W92000004,20,7,59,0,2818,0,5783,,,8601,0,,1138112,94,3
2021-05-31,Wales,W92000004,20,6,60,0,0,0,0,,,0,0,,1118396,0,4
2021-05-30,Wales,W92000004,20,12,39,0,12192,0,5693,,,17885,0,,1113969,30,2
2021-05-29,Wales,W92000004,20,7,41,0,0,0,0,,,0,0,,1111929,0,2
2021-05-28,Wales,W92000004,21,18,40,0,8193,0,3228,,,11421,0,,1102749,32,2
2021-05-27,Wales,W92000004,17,27,37,0,9609,2,3712,,,13321,0,,1081162,58,5
2021-05-26,Wales,W92000004,20,22,30,0,7539,1,4187,,,11726,0,,1058464,28,3
2021-05-25,Wales,W92000004,26,24,50,1,2003,0,3982,,,5985,0,,1037749,19,4
2021-05-24,Wales,W92000004,34,18,41,1,1707,0,3373,,,5080,0,,1019230,101,2
2021-05-23,Wales,W92000004,32,22,21,0,12766,2,6149,,,18915,0,,1003682,46,2
2021-05-22,Wales,W92000004,31,21,35,0,0,0,0,,,0,0,,1000706,0,2
2021-05-21,Wales,W92000004,39,12,52,0,8993,3,3420,,,12413,0,,984651,28,1
2021-05-20,Wales,W92000004,42,15,47,0,8411,1,3373,,,11784,0,,969682,45,1
2021-05-19,Wales,W92000004,41,13,35,2,7567,0,4045,,,11612,0,,952468,44,3
2021-05-18,Wales,W92000004,38,14,45,2,2612,0,4164,,,6776,0,,939072,32,3
2021-05-17,Wales,W92000004,35,12,51,1,1553,1,3101,,,4654,0,,927215,91,3
2021-05-16,Wales,W92000004,38,9,31,0,13322,1,6020,,,19342,0,,917431,54,2
2021-05-15,Wales,W92000004,42,14,28,0,0,0,0,,,0,0,,915674,0,1
2021-05-14,Wales,W92000004,48,9,44,3,7787,0,3418,,,11205,0,,905860,54,3
2021-05-13,Wales,W92000004,44,18,39,0,8921,1,3634,,,12555,0,,891569,59,3
2021-05-12,Wales,W92000004,42,13,62,0,10319,0,4137,,,14456,0,,877756,22,3
2021-05-11,Wales,W92000004,57,13,66,0,1239,1,4151,,,5390,0,,863469,30,3
2021-05-10,Wales,W92000004,49,19,42,0,2566,4,3172,,,5738,0,,854441,104,4
2021-05-09,Wales,W92000004,53,11,30,1,14660,0,6139,,,20799,0,,846180,54,3
2021-05-08,Wales,W92000004,62,15,31,0,0,0,0,,,0,0,,842047,0,3
2021-05-07,Wales,W92000004,54,13,39,2,11175,0,3494,,,14669,0,,831149,47,3
2021-05-06,Wales,W92000004,56,15,65,2,8808,1,3830,,,12638,0,,815043,34,3
2021-05-05,Wales,W92000004,63,12,45,0,4607,0,4390,,,8997,0,,798925,54,3
2021-05-04,Wales,W92000004,66,14,56,1,3417,1,5785,,,9202,0,,783120,65,3
2021-05-03,Wales,W92000004,62,13,27,0,0,0,0,,,0,0,,772527,0,3
2021-05-02,Wales,W92000004,60,21,27,1,11661,0,5149,,,16810,0,,771278,79,6
2021-05-01,Wales,W92000004,73,20,32,0,0,0,0,,,0,0,,769719,0,5
2021-04-30,Wales,W92000004,62,12,34,0,10010,0,3425,,,13435,0,,765029,36,2
2021-04-29,Wales,W92000004,86,9,55,1,9886,2,3476,,,13362,0,,748700,69,2
2021-04-28,Wales,W92000004,83,12,48,0,8638,0,4191,,,12829,0,,732643,35,5
2021-04-27,Wales,W92000004,102,19,60,0,1773,0,3741,,,5514,0,,715425,33,4
2021-04-26,Wales,W92000004,86,10,57,1,2481,2,2736,,,5217,0,,701099,97,4
2021-04-25,Wales,W92000004,81,17,32,1,12153,3,6734,,,18887,0,,689534,62,5
2021-04-24,Wales,W92000004,103,15,38,0,0,0,0,,,0,0,,687049,0,5
2021-04-23,Wales,W92000004,103,10,48,2,7868,0,3680,,,11548,0,,670413,58,7
2021-04-22,Wales,W92000004,101,13,55,0,9959,1,3167,,,13126,0,,653537,63,7
2021-04-21,Wales,W92000004,101,23,63,1,8016,0,3938,,,11954,0,,635655,64,7
2021-04-20,Wales,W92000004,101,22,57,1,2281,2,4034,,,6315,0,,622513,53,8
2021-04-19,Wales,W92000004,97,20,74,0,2722,2,2750,,,5472,0,,610882,102,8
2021-04-18,Wales,W92000004,109,15,54,2,12333,3,6441,,,18774,0,,602807,94,9
2021-04-17,Wales,W92000004,115,10,38,2,0,0,0,,,0,0,,601458,0,10
2021-04-16,Wales,W92000004,106,21,60,0,9389,0,3196,,,12585,0,,588833,48,11
2021-04-15,Wales,W92000004,117,16,70,1,7676,2,3152,,,10828,0,,574590,105,13
2021-04-14,Wales,W92000004,124,20,80,3,8706,0,4329,,,13035,0,,559888,62,11
2021-04-13,Wales,W92000004,133,11,64,0,1928,2,4288,,,6216,0,,549193,69,12
2021-04-12,Wales,W92000004,142,17,107,2,2774,0,2910,,,5684,0,,537195,50,13
2021-04-11,Wales,W92000004,208,14,55,0,5801,3,2433,,,8234,0,,528199,53,16
2021-04-10,Wales,W92000004,202,13,51,2,4983,0,2631,,,7614,0,,525177,130,16
2021-04-09,Wales,W92000004,209,16,72,2,12342,1,4549,,,16891,0,,509478,114,15
2021-04-08,Wales,W92000004,207,16,90,1,10113,6,3917,,,14030,0,,498318,82,14
2021-04-07,Wales,W92000004,225,18,105,0,4192,0,3958,,,8150,0,,484739,82,16
2021-04-06,Wales,W92000004,243,17,105,2,2346,2,2735,,,5081,0,,475570,126,16
2021-04-05,Wales,W92000004,257,17,72,1,6046,8,4493,,,10539,0,,469251,189,17
2021-04-04,Wales,W92000004,242,21,76,0,0,0,0,,,0,0,,467683,0,19
2021-04-03,Wales,W92000004,243,22,58,1,17970,2,6081,,,24051,0,,466118,95,17
2021-04-02,Wales,W92000004,257,25,64,5,0,0,0,,,0,0,,463445,0,17
2021-04-01,Wales,W92000004,281,21,94,2,8165,2,3245,,,11410,0,,459777,188,17
2021-03-31,Wales,W92000004,290,17,108,0,9530,1,5020,,,14550,0,,449538,60,16
2021-03-30,Wales,W92000004,306,17,138,0,1835,0,2754,,,4589,0,,437937,94,15
2021-03-29,Wales,W92000004,320,11,123,2,3561,1,2945,,,6506,0,,424016,125,17
2021-03-28,Wales,W92000004,322,19,103,1,7193,0,2551,,,9744,0,,416862,171,17
2021-03-27,Wales,W92000004,320,29,87,1,9516,7,3497,,,13013,0,,412663,201,21
2021-03-26,Wales,W92000004,322,18,152,1,10201,3,3769,,,13970,0,,400743,190,20
2021-03-25,Wales,W92000004,344,19,199,1,11137,4,3739,,,14876,0,,389663,227,22
2021-03-24,Wales,W92000004,373,35,190,2,11188,3,4163,,,15351,0,,378795,159,26
2021-03-23,Wales,W92000004,382,37,163,1,4428,0,4272,,,8700,0,,366803,127,25
2021-03-22,Wales,W92000004,394,30,198,3,2729,0,2482,,,5211,0,,353347,150,27
2021-03-21,Wales,W92000004,415,43,139,3,7334,6,2659,,,9993,0,,346058,196,32
2021-03-20,Wales,W92000004,415,51,152,0,9043,6,3114,,,12157,0,,338959,208,30
2021-03-19,Wales,W92000004,445,57,177,7,9413,9,3507,,,12920,0,,329530,201,32
2021-03-18,Wales,W92000004,459,59,218,2,10767,4,3872,,,14639,0,,318976,297,30
2021-03-17,Wales,W92000004,557,55,183,5,11391,8,3988,,,15379,0,,304411,145,28
2021-03-16,Wales,W92000004,540,39,183,3,3294,1,3621,,,6915,0,,289185,142,30
2021-03-15,Wales,W92000004,576,23,196,4,2718,2,2629,,,5347,0,,272983,248,30
2021-03-14,Wales,W92000004,599,40,159,8,7328,10,2812,,,10140,0,,264255,217,28
2021-03-13,Wales,W92000004,614,36,190,4,7580,6,3519,,,11099,0,,257398,210,31
2021-03-12,Wales,W92000004,611,39,206,4,8644,12,3645,,,12289,0,,250026,190,31
2021-03-11,Wales,W92000004,634,48,228,3,10166,12,3863,,,14029,0,,237357,195,32
2021-03-10,Wales,W92000004,658,30,202,7,8103,6,4208,,,12311,0,,221902,225,31
2021-03-09,Wales,W92000004,700,40,165,4,4002,3,3633,,,7635,0,,206394,166,34
2021-03-08,Wales,W92000004,712,26,258,6,2452,0,3138,,,5590,0,,192030,164,36
2021-03-07,Wales,W92000004,758,39,146,6,5927,18,2939,,,8866,0,,183739,152,36
2021-03-06,Wales,W92000004,793,61,169,8,7164,7,3849,,,11013,0,,176054,195,35
2021-03-05,Wales,W92000004,793,61,131,4,8374,12,3675,,,12049,0,,168163,230,34
2021-03-04,Wales,W92000004,846,50,199,8,9049,13,3313,,,12362,0,,154819,267,41
2021-03-03,Wales,W92000004,891,52,209,6,7480,12,4248,,,11728,0,,139445,208,42
2021-03-02,Wales,W92000004,924,73,237,13,2617,1,4131,,,6748,0,,124781,170,52
2021-03-01,Wales,W92000004,971,30,244,10,2341,3,2778,,,5119,0,,111716,193,48
2021-02-28,Wales,W92000004,946,47,207,3,5968,24,2632,,,8600,0,,103819,247,45
2021-02-27,Wales,W92000004,935,55,139,12,6737,16,3489,,,10226,0,,96408,198,51
2021-02-26,Wales,W92000004,1023,66,202,13,7743,16,4166,,,11909,0,,89053,308,54
2021-02-25,Wales,W92000004,1057,69,225,14,9594,21,4284,,,13878,0,,80062,312,60
2021-02-24,Wales,W92000004,1119,70,264,12,6767,13,4120,,,10887,0,,69851,236,59
2021-02-23,Wales,W92000004,1116,53,288,14,2099,4,3683,,,5782,0,,59279,317,61
2021-02-22,Wales,W92000004,1149,45,336,13,3210,9,3090,,,6300,0,,49729,319,61
2021-02-21,Wales,W92000004,1137,65,274,15,6268,16,3554,,,9822,0,,42752,336,68
2021-02-20,Wales,W92000004,1122,83,267,15,7386,16,3684,,,11070,0,,37773,363,76
2021-02-19,Wales,W92000004,1171,90,309,18,8703,16,4028,,,12731,0,,32002,533,79
2021-02-18,Wales,W92000004,1165,78,343,11,10568,14,5099,,,15667,0,,25433,290,82
2021-02-17,Wales,W92000004,1199,86,373,13,5561,30,3892,,,9453,0,,19342,374,77
2021-02-16,Wales,W92000004,1246,63,442,12,2598,8,4012,,,6610,0,,12988,275,79
2021-02-15,Wales,W92000004,1312,63,452,18,2401,16,2962,,,5363,0,,7251,363,77
2021-02-14,Wales,W92000004,1294,91,288,21,6176,15,2484,,,8660,0,,5402,394,85
2021-02-13,Wales,W92000004,1302,99,281,19,7399,22,3876,,,11275,0,,4573,400,88
2021-02-12,Wales,W92000004,1317,76,408,25,9037,25,3895,,,12932,0,,4224,608,89
2021-02-11,Wales,W92000004,1371,106,377,16,10184,27,4306,,,14490,0,,4010,410,94
2021-02-10,Wales,W92000004,1366,85,448,20,6558,21,4153,,,10711,0,,3795,323,90
2021-02-09,Wales,W92000004,1392,87,464,18,2531,10,3197,,,5728,0,,3687,351,84
2021-02-08,Wales,W92000004,1413,65,492,17,3513,12,2933,,,6446,0,,3491,610,88
2021-02-07,Wales,W92000004,1424,57,284,18,7918,28,3095,,,11013,0,,2792,461,90
2021-02-06,Wales,W92000004,1470,88,359,27,8978,49,4229,,,13207,0,,2606,675,98
2021-02-05,Wales,W92000004,1507,93,501,23,13566,45,5752,,,19318,0,,2471,399,104
2021-02-04,Wales,W92000004,1544,93,501,22,4485,35,3511,,,7996,0,,1635,544,107
2021-02-03,Wales,W92000004,1598,108,579,27,6941,50,4602,,,11543,0,,1216,455,109
2021-02-02,Wales,W92000004,1638,99,597,33,3278,7,3389,,,6667,0,,1160,614,113
2021-02-01,Wales,W92000004,1638,80,612,28,4152,21,2748,,,6900,0,,1066,630,113
2021-01-31,Wales,W92000004,1678,77,465,22,7728,34,4541,,,12269,0,,841,605,122
2021-01-30,Wales,W92000004,1643,103,487,22,6745,25,4487,,,11232,0,,786,737,122
2021-01-29,Wales,W92000004,1686,97,600,42,10261,29,5304,,,15565,0,,750,546,128
2021-01-28,Wales,W92000004,1722,132,658,29,8467,56,4761,,,13228,0,,717,705,134
2021-01-27,Wales,W92000004,1745,112,703,22,7008,49,4999,,,12007,0,,674,537,134
2021-01-26,Wales,W92000004,1809,120,732,37,3547,8,2904,,,6451,0,,639,570,130
2021-01-25,Wales,W92000004,1832,75,850,27,4238,23,2963,,,7201,0,,581,872,137
2021-01-24,Wales,W92000004,1816,110,397,34,8634,44,4285,,,12919,0,,543,796,130
2021-01-23,Wales,W92000004,1784,135,542,33,8434,27,4790,,,13224,0,,516,1079,130
2021-01-22,Wales,W92000004,1823,133,772,39,10631,67,5149,,,15780,0,,469,801,136
2021-01-21,Wales,W92000004,1832,116,909,34,10006,46,4962,,,14968,0,,415,1153,134
2021-01-20,Wales,W92000004,1867,110,972,38,8642,44,4415,,,13057,0,,396,1283,137
2021-01-19,Wales,W92000004,1840,126,1081,26,7296,8,2963,,,10259,0,,370,1106,137
2021-01-18,Wales,W92000004,1931,102,1398,43,6422,20,4109,,,10531,0,,265,1332,149
2021-01-17,Wales,W92000004,1853,93,827,26,9089,48,4563,,,13652,0,,201,1172,141
2021-01-16,Wales,W92000004,1860,110,1005,40,10506,55,4620,,,15126,0,,129,1129,139
2021-01-15,Wales,W92000004,1872,124,1214,42,10494,54,4902,,,15396,0,,129,1808,137
2021-01-14,Wales,W92000004,1881,122,1313,54,14026,54,4944,,,18970,0,,129,1644,135
2021-01-13,Wales,W92000004,1949,129,1464,43,10848,66,4663,,,15511,0,,121,1533,145
2021-01-12,Wales,W92000004,2009,147,1601,48,7069,16,4107,,,11176,0,,108,1332,150
2021-01-11,Wales,W92000004,1970,84,1736,54,7803,17,3177,,,10980,0,,97,1793,145
2021-01-10,Wales,W92000004,1983,95,1176,40,11958,45,4763,,,16721,0,,79,1660,144
2021-01-09,Wales,W92000004,1975,140,1142,34,12838,62,5272,,,18110,0,,,2373,143
2021-01-08,Wales,W92000004,1936,142,1598,45,13772,56,5560,,,19332,0,,,2487,146
2021-01-07,Wales,W92000004,1940,159,1667,41,14004,63,4708,,,18712,0,,,1718,143
2021-01-06,Wales,W92000004,1914,144,1993,48,8926,76,3829,,,12755,0,,,2238,139
2021-01-05,Wales,W92000004,1964,146,2386,39,8187,17,4306,,,12493,0,,,2069,140
2021-01-04,Wales,W92000004,1966,86,2659,37,9992,25,2664,,,12656,0,,,1898,138
2021-01-03,Wales,W92000004,1937,86,1811,53,10211,56,2763,,,12974,0,,,4011,136
2021-01-02,Wales,W92000004,1937,85,2093,34,27848,70,7894,,,35742,0,,,2764,136
2021-01-01,Wales,W92000004,1838,154,1214,58,0,0,0,,,0,0,,,0,122
2020-12-31,Wales,W92000004,1880,141,2009,51,10002,65,4814,,,14816,0,,,1831,126
2020-12-30,Wales,W92000004,1901,164,2698,50,7532,13,3662,,,11194,0,,,2281,119
2020-12-29,Wales,W92000004,1892,136,3563,41,8671,33,2119,,,10790,0,,,2510,122
2020-12-28,Wales,W92000004,1843,125,2356,49,8689,15,2660,,,11349,0,,,2273,127
2020-12-27,Wales,W92000004,1782,97,2495,29,12882,70,2196,,,15078,0,,,4142,119
2020-12-26,Wales,W92000004,1716,73,1893,43,29428,35,7566,,,36994,0,,,2237,110
2020-12-25,Wales,W92000004,1597,106,642,33,0,0,0,,,0,0,,,0,110
2020-12-24,Wales,W92000004,1712,146,1473,45,12043,63,5199,,,17242,0,,,2161,102
2020-12-23,Wales,W92000004,1720,143,2443,34,11465,51,4156,,,15621,0,,,3013,102
2020-12-22,Wales,W92000004,1727,124,2705,35,14857,24,4242,,,19099,0,,,2761,107
2020-12-21,Wales,W92000004,1683,92,2743,37,16802,10,3677,,,20479,0,,,2563,102
2020-12-20,Wales,W92000004,1652,90,2209,35,14249,69,4374,,,18623,0,,,2334,93
2020-12-19,Wales,W92000004,1605,107,2170,34,11659,35,5542,,,17201,0,,,3065,97
2020-12-18,Wales,W92000004,1585,119,2537,48,14620,38,5025,,,19645,0,,,2801,98
2020-12-17,Wales,W92000004,1573,128,2776,48,14410,52,5197,,,19607,0,,,11468,102
2020-12-16,Wales,W92000004,1513,131,3139,34,60743,30,4322,,,65065,0,,,530,103
2020-12-15,Wales,W92000004,1525,88,3182,33,64,9,6129,,,6193,0,,,615,98
2020-12-14,Wales,W92000004,1529,67,3538,30,23,33,6703,,,6726,0,,,1228,91
2020-12-13,Wales,W92000004,1425,64,2734,22,4561,0,4742,,,9303,0,,,0,87
2020-12-12,Wales,W92000004,1370,102,2286,33,0,31,0,,,0,0,,,2494,81
2020-12-11,Wales,W92000004,1385,117,2811,26,14382,29,5456,,,19838,0,,,2234,82
2020-12-10,Wales,W92000004,1328,105,2664,33,11564,33,5749,,,17313,0,,,1968,83
2020-12-09,Wales,W92000004,1280,76,2692,25,10177,31,3711,,,13888,0,,,2238,75
2020-12-08,Wales,W92000004,1231,98,2601,25,8990,31,4182,,,13172,0,,,780,77
2020-12-07,Wales,W92000004,1208,63,2511,20,6378,2,2882,,,9260,0,,,2021,82
2020-12-06,Wales,W92000004,1199,62,1697,25,12369,14,4293,,,16662,0,,,1916,76
2020-12-05,Wales,W92000004,1167,81,1533,20,14382,24,5195,,,19577,0,,,1645,73
2020-12-04,Wales,W92000004,1175,58,1701,27,12700,33,4639,,,17339,0,,,1471,72
2020-12-03,Wales,W92000004,1187,50,1803,27,11342,24,3875,,,15217,0,,,1473,71
2020-12-02,Wales,W92000004,1180,84,1651,22,10535,51,3677,,,14212,0,,,1480,69
2020-12-01,Wales,W92000004,1171,102,1609,19,7541,23,3506,,,11047,0,,,667,70
2020-11-30,Wales,W92000004,1151,62,1505,17,4395,3,2977,,,7372,0,,,802,68
2020-11-29,Wales,W92000004,1125,73,966,26,8695,16,3974,,,12669,0,,,1004,68
2020-11-28,Wales,W92000004,1106,66,844,32,9801,29,4599,,,14400,0,,,1445,68
2020-11-27,Wales,W92000004,1129,86,1035,26,12314,21,4484,,,16798,0,,,1105,65
2020-11-26,Wales,W92000004,1134,93,1160,30,8592,28,4116,,,12708,0,,,1251,69
2020-11-25,Wales,W92000004,1128,70,1336,17,10776,41,3788,,,14564,0,,,907,66
2020-11-24,Wales,W92000004,1114,78,1093,18,5682,21,3235,,,8917,0,,,595,70
2020-11-23,Wales,W92000004,1150,71,1030,25,4808,9,3154,,,7962,0,,,892,74
2020-11-22,Wales,W92000004,1105,62,717,27,8021,11,3895,,,11916,0,,,808,72
2020-11-21,Wales,W92000004,1125,84,680,28,9903,28,4102,,,14005,0,,,1016,68
2020-11-20,Wales,W92000004,1100,77,936,21,9533,31,4313,,,13846,0,,,1020,64
2020-11-19,Wales,W92000004,1140,67,920,26,8938,23,4354,,,13292,0,,,1048,68
2020-11-18,Wales,W92000004,1121,80,987,18,8400,41,3409,,,11809,0,,,638,63
2020-11-17,Wales,W92000004,1143,72,1041,29,3952,34,2966,,,6918,0,,,705,62
2020-11-16,Wales,W92000004,1127,71,993,23,5377,2,3015,,,8392,0,,,892,58
2020-11-15,Wales,W92000004,1104,69,627,25,8895,16,3620,,,12515,0,,,1333,63
2020-11-14,Wales,W92000004,1080,89,629,19,11335,20,4295,,,15630,0,,,933,72
2020-11-13,Wales,W92000004,1060,74,859,30,8247,29,3994,,,12241,0,,,797,67
2020-11-12,Wales,W92000004,1066,100,773,28,5428,34,3701,,,9129,0,,,867,59
2020-11-11,Wales,W92000004,1054,95,855,29,5366,45,3368,,,8734,0,,,928,59
2020-11-10,Wales,W92000004,1044,104,964,28,5588,22,2709,,,8297,0,,,444,68
2020-11-09,Wales,W92000004,1030,64,1009,29,3962,8,3449,,,7411,0,,,931,74
2020-11-08,Wales,W92000004,992,75,698,28,7465,19,4429,,,11894,0,,,744,63
2020-11-07,Wales,W92000004,953,112,605,15,7981,32,4125,,,12106,0,,,958,61
2020-11-06,Wales,W92000004,945,82,877,26,7132,13,4120,,,11252,0,,,1352,66
2020-11-05,Wales,W92000004,946,102,1016,31,9315,30,3926,,,13241,0,,,1272,60
2020-11-04,Wales,W92000004,914,129,1095,22,7428,44,3534,,,10962,0,,,1202,60
2020-11-03,Wales,W92000004,900,104,1235,23,4874,4,3138,,,8012,0,,,1119,54
2020-11-02,Wales,W92000004,866,75,1409,17,7153,3,3059,,,10212,0,,,1646,57
2020-11-01,Wales,W92000004,809,76,947,28,10075,16,3767,,,13842,0,,,819,53
2020-10-31,Wales,W92000004,794,80,879,12,3953,13,3327,,,7280,0,,,1301,66
2020-10-30,Wales,W92000004,762,97,1241,14,7760,11,4139,,,11899,0,,,1737,57
2020-10-29,Wales,W92000004,739,86,1583,21,9028,21,3637,,,12665,0,,,1375,46
2020-10-28,Wales,W92000004,695,83,1357,11,7553,37,3117,,,10670,0,,,1414,47
2020-10-27,Wales,W92000004,685,114,1478,23,5909,7,2945,,,8854,0,,,1207,45
2020-10-26,Wales,W92000004,654,76,1557,15,6828,6,2970,,,9798,0,,,1158,51
2020-10-25,Wales,W92000004,612,78,940,16,10839,5,3847,,,14686,0,,,1104,52
2020-10-24,Wales,W92000004,575,98,1025,15,7425,16,3792,,,11217,0,,,1324,45
2020-10-23,Wales,W92000004,571,123,1197,11,10786,13,3732,,,14518,0,,,761,41
2020-10-22,Wales,W92000004,550,107,1056,28,6640,7,4079,,,10719,0,,,1134,47
2020-10-21,Wales,W92000004,524,92,1266,13,6840,14,3652,,,10492,0,,,962,41
2020-10-20,Wales,W92000004,492,77,1236,4,6283,10,3181,,,9464,0,,,1148,43
2020-10-19,Wales,W92000004,491,60,1111,13,8714,1,3741,,,12455,0,,,626,43
2020-10-18,Wales,W92000004,482,88,716,11,6558,3,4356,,,10914,0,,,950,40
2020-10-17,Wales,W92000004,437,112,708,4,8645,5,3786,,,12431,0,,,674,35
2020-10-16,Wales,W92000004,442,105,951,6,5173,5,3676,,,8849,0,,,979,32
2020-10-15,Wales,W92000004,414,102,790,7,6096,10,3727,,,9823,0,,,727,30
2020-10-14,Wales,W92000004,384,123,906,7,5363,10,3445,,,8808,0,,,946,29
2020-10-13,Wales,W92000004,345,98,953,8,6597,5,3129,,,9726,0,,,764,25
2020-10-12,Wales,W92000004,348,86,782,4,8437,4,3208,,,11645,0,,,487,30
2020-10-11,Wales,W92000004,327,79,626,4,7077,2,3894,,,10971,0,,,467,29
2020-10-10,Wales,W92000004,292,103,620,3,6442,21,2905,,,9347,0,,,627,29
2020-10-09,Wales,W92000004,291,60,781,6,6523,2,3334,,,9857,0,,,766,32
2020-10-08,Wales,W92000004,284,76,827,6,8917,1,3622,,,12539,0,,,638,26
2020-10-07,Wales,W92000004,277,85,851,11,6831,3,3135,,,9966,0,,,752,27
2020-10-06,Wales,W92000004,261,80,771,4,7233,10,3285,,,10518,0,,,425,28
2020-10-05,Wales,W92000004,249,59,703,10,7206,0,2998,,,10204,0,,,596,32
2020-10-04,Wales,W92000004,230,92,614,3,6935,0,3730,,,10665,0,,,432,30
2020-10-03,Wales,W92000004,220,79,518,8,5327,5,3639,,,8966,0,,,576,30
2020-10-02,Wales,W92000004,218,94,603,2,7351,3,3637,,,10988,0,,,462,32
2020-10-01,Wales,W92000004,214,79,628,5,6279,6,3245,,,9524,0,,,398,32
2020-09-30,Wales,W92000004,211,61,601,4,5760,1,3377,,,9137,0,,,388,29
2020-09-29,Wales,W92000004,205,90,466,4,4537,3,3282,,,7819,0,,,366,34
2020-09-28,Wales,W92000004,188,71,426,3,7218,0,2588,,,9806,0,,,286,30
2020-09-27,Wales,W92000004,172,56,317,3,7767,0,3119,,,10886,0,,,362,26
2020-09-26,Wales,W92000004,136,61,403,2,8427,3,3310,,,11737,0,,,370,22
2020-09-25,Wales,W92000004,145,67,385,1,7147,3,4111,,,11258,0,,,320,19
2020-09-24,Wales,W92000004,115,94,316,0,6884,1,3970,,,10854,0,,,348,19
2020-09-23,Wales,W92000004,111,70,378,3,7720,2,3310,,,11030,0,,,389,21
2020-09-22,Wales,W92000004,93,43,380,3,7151,0,2459,,,9610,0,,,281,18
2020-09-21,Wales,W92000004,99,59,312,1,7279,0,2501,,,9780,0,,,234,16
2020-09-20,Wales,W92000004,82,28,252,1,6916,0,2934,,,9850,0,,,199,11
2020-09-19,Wales,W92000004,82,34,280,0,5597,2,3187,,,,0,,,212,9
2020-09-18,Wales,W92000004,68,41,246,0,5961,1,3790,,,,0,,,185,15
2020-09-17,Wales,W92000004,55,42,261,2,7388,3,3396,,,,0,,,168,11
2020-09-16,Wales,W92000004,54,65,207,2,6521,0,3276,,,,0,,,199,9
2020-09-15,Wales,W92000004,53,53,164,2,7038,0,2793,,,,0,,,110,6
2020-09-14,Wales,W92000004,45,59,192,0,5387,0,2515,,,,0,,,183,10
2020-09-13,Wales,W92000004,36,55,164,1,6699,0,3268,,,,0,,,162,11
2020-09-12,Wales,W92000004,42,55,140,0,7680,0,3544,,,,0,,,164,8
2020-09-11,Wales,W92000004,42,70,145,1,7394,0,2943,,,,0,,,133,7
2020-09-10,Wales,W92000004,48,49,186,0,6795,0,1956,,,,0,,,102,7
2020-09-09,Wales,W92000004,37,56,158,0,3923,0,3876,,,,0,,,165,8
2020-09-08,Wales,W92000004,35,65,143,0,7613,0,1994,,,,0,,,150,9
2020-09-07,Wales,W92000004,38,46,159,0,5319,0,1852,,,,0,,,133,9
2020-09-06,Wales,W92000004,36,42,131,0,4196,0,1685,,,,0,,,98,10
2020-09-05,Wales,W92000004,39,27,128,0,4978,1,1536,,,,0,,,77,10
2020-09-04,Wales,W92000004,35,69,149,0,4740,0,1809,,,,0,,,51,8
2020-09-03,Wales,W92000004,38,70,126,1,4999,0,1832,,,,0,,,50,11
2020-09-02,Wales,W92000004,42,59,95,0,4613,0,1325,,,,0,,,42,14
2020-09-01,Wales,W92000004,43,69,58,0,5462,1,1314,,,,0,,,51,14
2020-08-31,Wales,W92000004,42,29,44,2,3197,0,1536,,,,0,,,39,10
2020-08-30,Wales,W92000004,47,33,46,0,3226,0,1197,,,,0,,,56,9
2020-08-29,Wales,W92000004,42,52,44,0,5038,0,1483,,,,0,,,40,3
2020-08-28,Wales,W92000004,41,83,52,0,3651,0,1388,,,,0,,,34,3
2020-08-27,Wales,W92000004,41,70,50,0,3364,1,1340,,,,0,,,35,6
2020-08-26,Wales,W92000004,48,69,44,0,3729,1,1465,,,,0,,,34,6
2020-08-25,Wales,W92000004,48,49,50,0,3460,0,1450,,,,0,,,28,4
2020-08-24,Wales,W92000004,50,36,36,1,4450,1,1356,,,,0,,,19,4
2020-08-23,Wales,W92000004,51,26,11,0,3378,2,1543,,,,0,,,20,5
2020-08-22,Wales,W92000004,52,39,19,1,3461,1,1562,,,,0,,,34,3
2020-08-21,Wales,W92000004,55,54,23,0,3378,0,1643,,,,0,,,34,6
2020-08-20,Wales,W92000004,59,39,31,0,3032,0,1411,,,,0,,,19,10
2020-08-19,Wales,W92000004,60,45,35,0,2327,0,1635,,,,0,,,21,5
2020-08-18,Wales,W92000004,61,63,38,2,3547,0,2432,,,,0,,,24,6
2020-08-17,Wales,W92000004,71,38,19,0,2872,0,2588,,,,0,,,14,3
2020-08-16,Wales,W92000004,71,37,18,0,3417,2,3618,,,,0,,,18,6
2020-08-15,Wales,W92000004,69,52,10,0,3774,1,2988,,,,0,,,27,5
2020-08-14,Wales,W92000004,70,39,17,1,3068,0,2665,,,,0,,,18,6
2020-08-13,Wales,W92000004,68,63,17,1,3343,0,2112,,,,0,,,15,6
2020-08-12,Wales,W92000004,69,45,24,1,2117,5,2155,,,,0,,,8,7
2020-08-11,Wales,W92000004,69,47,27,0,3667,2,2479,,,,0,,,13,6
2020-08-10,Wales,W92000004,78,31,19,2,5261,0,2512,,,,0,,,12,6
2020-08-09,Wales,W92000004,82,51,8,0,4223,0,2586,,,,0,,,26,5
2020-08-08,Wales,W92000004,88,55,5,2,3384,1,3202,,,,0,,,19,3
2020-08-07,Wales,W92000004,96,53,16,5,2579,7,2937,,,,0,,,17,5
2020-08-06,Wales,W92000004,103,45,22,0,2156,3,2863,,,,0,,,15,3
2020-08-05,Wales,W92000004,105,74,22,3,2456,2,1565,,,,0,,,14,6
2020-08-04,Wales,W92000004,115,65,24,4,2200,1,2353,,,,0,,,22,7
2020-08-03,Wales,W92000004,119,29,22,1,2479,0,2182,,,,0,,,24,6
2020-08-02,Wales,W92000004,116,35,14,2,3615,3,3599,,,,0,,,37,9
2020-08-01,Wales,W92000004,124,73,16,2,3297,2,3520,,,,0,,,21,14
2020-07-31,Wales,W92000004,116,54,16,4,4970,6,3276,,,,0,,,26,10
2020-07-30,Wales,W92000004,132,53,30,2,3106,0,2385,,,,0,,,9,11
2020-07-29,Wales,W92000004,137,64,27,4,3138,5,1684,,,,0,,,32,12
2020-07-28,Wales,W92000004,136,49,27,2,809,0,2831,,,,0,,,21,12
2020-07-27,Wales,W92000004,130,43,23,1,1752,0,3257,,,,0,,,45,11
2020-07-26,Wales,W92000004,127,45,35,2,4382,1,3164,,,,0,,,22,7
2020-07-25,Wales,W92000004,129,48,24,2,3789,0,3080,,,,0,,,30,7
2020-07-24,Wales,W92000004,132,61,30,1,3039,0,2826,,,,0,,,45,8
2020-07-23,Wales,W92000004,132,88,31,0,3723,0,2374,,,,0,,,43,6
2020-07-22,Wales,W92000004,123,72,25,1,2518,1,1695,,,,0,,,22,8
2020-07-21,Wales,W92000004,118,46,61,1,685,0,1759,,,,0,,,22,9
2020-07-20,Wales,W92000004,130,43,43,0,2462,0,2851,,,,0,,,15,6
2020-07-19,Wales,W92000004,113,51,10,0,4109,1,2766,,,,0,,,31,7
2020-07-18,Wales,W92000004,125,54,11,0,,0,2962,,,,0,,,10,10
2020-07-17,Wales,W92000004,119,59,17,0,5,1,2905,,,,0,,,16,11
2020-07-16,Wales,W92000004,136,48,25,1,799,0,2610,,,,0,,,18,17
2020-07-15,Wales,W92000004,131,48,18,0,1941,2,2378,,,,0,,,18,10
2020-07-14,Wales,W92000004,136,63,23,1,455,2,3511,,,,0,,,21,9
2020-07-13,Wales,W92000004,140,50,24,2,1269,0,3110,,,,0,,,11,17
2020-07-12,Wales,W92000004,133,41,10,0,,0,2943,,,,0,,,16,14
2020-07-11,Wales,W92000004,127,76,12,1,,1,2879,,,,0,,,7,10
2020-07-10,Wales,W92000004,133,68,29,0,,0,2224,,,,0,,,10,17
2020-07-09,Wales,W92000004,172,75,22,1,,2,2632,,,,0,,,16,12
2020-07-08,Wales,W92000004,177,63,14,1,,4,2301,,,,0,,,13,10
2020-07-07,Wales,W92000004,181,64,29,1,,3,3625,,,,0,,,2,12
2020-07-06,Wales,W92000004,186,50,35,2,,0,3174,,,,0,,,8,13
2020-07-05,Wales,W92000004,187,63,12,2,,1,3054,,,,0,,,15,16
2020-07-04,Wales,W92000004,190,78,8,2,,5,3393,,,,0,,,34,15
2020-07-03,Wales,W92000004,198,65,19,0,,2,2949,,,,0,,,26,17
2020-07-02,Wales,W92000004,206,64,28,3,,8,2129,,,,0,,,41,19
2020-07-01,Wales,W92000004,218,66,27,4,,6,2239,,,,0,,,32,22
2020-06-30,Wales,W92000004,234,104,35,4,,3,2808,,,,0,,,26,22
2020-06-29,Wales,W92000004,235,46,43,3,,3,3339,,,,0,,,116,24
2020-06-28,Wales,W92000004,246,47,28,2,,2,3342,,,,0,,,25,21
2020-06-27,Wales,W92000004,232,74,140,6,,5,3543,,,,0,,,46,21
2020-06-26,Wales,W92000004,254,88,19,2,,2,3246,,,,0,,,65,24
2020-06-25,Wales,W92000004,265,64,60,9,,6,2878,,,,0,,,125,21
2020-06-24,Wales,W92000004,270,101,37,6,,8,3095,,,,0,,,47,27
2020-06-23,Wales,W92000004,281,79,131,1,,5,2656,,,,0,,,51,22
2020-06-22,Wales,W92000004,297,67,66,2,,1,3245,,,,0,,,71,27
2020-06-21,Wales,W92000004,280,68,76,5,,1,2722,,,,0,,,100,27
2020-06-20,Wales,W92000004,271,68,47,3,,1,3603,,,,0,,,25,33
2020-06-19,Wales,W92000004,276,78,140,4,,4,967,,,,0,,,31,27
2020-06-18,Wales,W92000004,285,87,62,0,,5,2773,,,,0,,,48,29
2020-06-17,Wales,W92000004,288,91,64,1,,10,2271,,,,0,,,53,33
2020-06-16,Wales,W92000004,303,95,82,8,,8,1923,,,,0,,,65,29
2020-06-15,Wales,W92000004,306,68,66,6,,4,3012,,,,0,,,62,36
2020-06-14,Wales,W92000004,293,52,54,6,,3,3100,,,,0,,,39,31
2020-06-13,Wales,W92000004,291,114,66,6,,6,3079,,,,0,,,45,27
2020-06-12,Wales,W92000004,294,90,75,4,,10,3912,,,,0,,,77,29
2020-06-11,Wales,W92000004,315,104,66,5,,6,3681,,,,0,,,63,29
2020-06-10,Wales,W92000004,319,97,67,7,,9,3324,,,,0,,,38,32
2020-06-09,Wales,W92000004,341,84,62,4,,9,3288,,,,0,,,42,40
2020-06-08,Wales,W92000004,352,59,74,7,,3,3108,,,,0,,,42,38
2020-06-07,Wales,W92000004,383,76,34,8,,5,3263,,,,0,,,40,38
2020-06-06,Wales,W92000004,404,92,51,9,,10,3869,,,,0,,,42,41
2020-06-05,Wales,W92000004,392,82,55,4,,4,3136,,,,0,,,76,44
2020-06-04,Wales,W92000004,395,97,59,12,,8,3006,,,,0,,,35,42
2020-06-03,Wales,W92000004,399,131,74,7,,17,2602,,,,0,,,82,42
2020-06-02,Wales,W92000004,427,106,71,5,,7,2400,,,,0,,,67,44
2020-06-01,Wales,W92000004,431,73,64,9,,5,2492,,,,0,,,59,37
2020-05-31,Wales,W92000004,433,68,46,7,,11,2945,,,,0,,,82,42
2020-05-30,Wales,W92000004,423,93,70,10,,14,3106,,,,0,,,86,39
2020-05-29,Wales,W92000004,431,99,106,11,,10,2400,,,,0,,,102,45
2020-05-28,Wales,W92000004,438,120,102,16,,14,2743,,,,0,,,72,46
2020-05-27,Wales,W92000004,425,106,118,6,,11,1555,,,,0,,,97,44
2020-05-26,Wales,W92000004,436,96,102,10,,8,2206,,,,0,,,141,51
2020-05-25,Wales,W92000004,380,82,106,10,,7,3030,,,,0,,,106,47
2020-05-24,Wales,W92000004,393,78,83,12,,7,3079,,,,0,,,140,52
2020-05-23,Wales,W92000004,383,121,122,7,,6,2426,,,,0,,,185,58
2020-05-22,Wales,W92000004,385,81,136,10,,7,2161,,,,0,,,138,58
2020-05-21,Wales,W92000004,309,105,132,9,,9,1794,,,,0,,,166,57
2020-05-20,Wales,W92000004,324,95,166,7,,14,1843,,,,0,,,110,55
2020-05-19,Wales,W92000004,329,105,212,11,,17,1565,,,,0,,,166,64
2020-05-18,Wales,W92000004,356,77,169,10,,4,1914,,,,0,,,101,59
2020-05-17,Wales,W92000004,373,98,117,11,,12,1931,,,,0,,,162,60
2020-05-16,Wales,W92000004,378,117,166,13,,18,1743,,,,0,,,183,62
2020-05-15,Wales,W92000004,336,88,180,16,,9,1652,,,,0,,,126,56
2020-05-14,Wales,W92000004,364,105,132,12,,10,1421,,,,0,,,128,69
2020-05-13,Wales,W92000004,394,119,154,16,,22,1300,,,,0,,,133,66
2020-05-12,Wales,W92000004,425,92,150,11,,16,1087,,,,0,,,105,72
2020-05-11,Wales,W92000004,465,108,178,15,,5,1193,,,,0,,,124,76
2020-05-10,Wales,W92000004,461,114,107,10,,12,1314,,,,0,,,223,78
2020-05-09,Wales,W92000004,448,106,136,7,,9,2017,,,,0,,,118,75
2020-05-08,Wales,W92000004,416,127,115,13,,28,1096,,,,0,,,152,89
2020-05-07,Wales,W92000004,470,119,176,19,,18,1134,,,,0,,,87,84
2020-05-06,Wales,W92000004,478,103,171,23,,21,933,,,,0,,,95,81
2020-05-05,Wales,W92000004,501,136,175,17,,26,743,,,,0,,,145,87
2020-05-04,Wales,W92000004,538,121,141,23,,14,892,,,,0,,,195,92
2020-05-03,Wales,W92000004,539,94,108,14,,14,1504,,,,0,,,174,94
2020-05-02,Wales,W92000004,521,142,179,14,,44,1198,,,,0,,,183,93
2020-05-01,Wales,W92000004,529,107,177,29,,17,1438,,,,0,,,160,92
2020-04-30,Wales,W92000004,643,132,200,16,,22,1090,,,,0,,,183,99
2020-04-29,Wales,W92000004,664,127,176,26,,73,1042,,,,0,,,117,101
2020-04-28,Wales,W92000004,676,139,152,15,,17,734,,,,0,,,232,107
2020-04-27,Wales,W92000004,734,95,173,16,,8,1191,,,,0,,,203,105
2020-04-26,Wales,W92000004,710,97,121,16,,14,1250,,,,0,,,178,111
2020-04-25,Wales,W92000004,719,112,137,29,,23,775,,,,0,,,299,126
2020-04-24,Wales,W92000004,743,135,213,31,,110,1301,,,,0,,,243,119
2020-04-23,Wales,W92000004,741,134,200,18,,17,1027,,,,0,,,234,123
2020-04-22,Wales,W92000004,773,127,253,23,,15,816,,,,0,,,274,132
2020-04-21,Wales,W92000004,838,117,259,30,,25,964,,,,0,,,304,135
2020-04-20,Wales,W92000004,853,114,281,25,,9,1033,,,,0,,,276,150
2020-04-19,Wales,W92000004,828,102,181,26,,41,921,,,,0,,,334,153
2020-04-18,Wales,W92000004,818,129,248,32,,28,1056,,,,0,,,292,164
2020-04-17,Wales,W92000004,825,151,324,30,,11,783,,,,0,,,244,159
2020-04-16,Wales,W92000004,844,104,363,35,,32,705,,,,0,,,284,155
2020-04-15,Wales,W92000004,884,151,361,38,,60,755,,,,0,,,272,150
2020-04-14,Wales,W92000004,919,106,319,26,,19,703,,,,0,,,238,151
2020-04-13,Wales,W92000004,897,130,273,43,,15,678,,,,0,,,313,155
2020-04-12,Wales,W92000004,910,168,248,37,,18,770,,,,0,,,367,153
2020-04-11,Wales,W92000004,865,106,247,31,,36,1005,,,,0,,,340,149
2020-04-10,Wales,W92000004,833,129,308,25,,29,912,,,,0,,,502,153
2020-04-09,Wales,W92000004,795,126,391,43,,41,1254,,,,0,,,16,161
2020-04-08,Wales,W92000004,816,158,386,42,,33,21,,,,0,,,283,150
2020-04-07,Wales,W92000004,738,196,386,32,,19,794,,,,0,,,291,144
2020-04-06,Wales,W92000004,731,123,383,20,,27,696,,,,0,,,302,137
2020-04-05,Wales,W92000004,664,134,224,30,,12,910,,,,0,,,344,131
2020-04-04,Wales,W92000004,596,134,281,31,,13,1000,,,,0,,,387,122
2020-04-03,Wales,W92000004,568,110,330,29,,24,1110,,,,0,,,345,110
2020-04-02,Wales,W92000004,525,139,337,28,,19,1090,,,,0,,,284,110
2020-04-01,Wales,W92000004,483,207,327,21,,29,942,,,,0,,,274,100
2020-03-31,Wales,W92000004,,,278,15,,7,855,,,,0,,,112,
2020-03-30,Wales,W92000004,,,343,16,,14,,,,,0,,,210,
2020-03-29,Wales,W92000004,,,159,18,,10,,,,,0,,,148,
2020-03-28,Wales,W92000004,,,167,15,,4,,,,,0,,,172,
2020-03-27,Wales,W92000004,,,193,10,,6,,,,,0,,,180,
2020-03-26,Wales,W92000004,,,177,11,,6,,,,,0,,,113,
2020-03-25,Wales,W92000004,,,190,10,,5,,,,,0,,,150,
2020-03-24,Wales,W92000004,,,140,9,,1,,,,,0,,,60,
2020-03-23,Wales,W92000004,,,134,4,,4,,,,,0,,,71,
2020-03-22,Wales,W92000004,,,75,5,,9,,,,,0,,,67,
2020-03-21,Wales,W92000004,,,76,7,,2,,,,,0,,,89,
2020-03-20,Wales,W92000004,,,73,2,,0,,,,,0,,,21,
2020-03-19,Wales,W92000004,,,58,3,,0,,,,,,,,21,
2020-03-18,Wales,W92000004,,,29,0,,0,,,,,,,,13,
2020-03-17,Wales,W92000004,,,57,0,,1,,,,,,,,12,
2020-03-16,Wales,W92000004,,,29,3,,,,,,,,,,30,
2020-03-15,Wales,W92000004,,,31,,,,,,,,,,,34,
2020-03-14,Wales,W92000004,,,18,,,,,,,,,,,22,
2020-03-13,Wales,W92000004,,,29,,,,,,,,,,,13,
2020-03-12,Wales,W92000004,,,25,,,,,,,,,,,10,
2020-03-11,Wales,W92000004,,,14,,,,,,,,,,,9,
2020-03-10,Wales,W92000004,,,12,,,,,,,,,,,2,
2020-03-09,Wales,W92000004,,,3,,,,,,,,,,,2,
2020-03-08,Wales,W92000004,,,1,,,,,,,,,,,0,
2020-03-07,Wales,W92000004,,,2,,,,,,,,,,,0,
2020-03-06,Wales,W92000004,,,0,,,,,,,,,,,0,
2020-03-05,Wales,W92000004,,,0,,,,,,,,,,,1,
2020-03-04,Wales,W92000004,,,1,,,,,,,,,,,0,
2020-03-03,Wales,W92000004,,,0,,,,,,,,,,,0,
2020-03-02,Wales,W92000004,,,0,,,,,,,,,,,0,
2020-03-01,Wales,W92000004,,,0,,,,,,,,,,,0,
2020-02-29,Wales,W92000004,,,0,,,,,,,,,,,0,
2020-02-28,Wales,W92000004,,,0,,,,,,,,,,,1,
2020-02-27,Wales,W92000004,,,1,,,,,,,,,,,,

