date,areaName,areaCode,hospitalCases,newAdmissions,newCasesBySpecimenDate,newDeaths28DaysByDeathDate,newPillarTwoTestsByPublishDate,newDeaths28DaysByPublishDate,newPillarOneTestsByPublishDate,newCasesLFDConfirmedPCRBySpecimenDate,newCasesPCROnlyBySpecimenDate,newPCRTestsByPublishDate,newLFDTests,newCasesLFDOnlyBySpecimenDate,cumPeopleVaccinatedSecondDoseByPublishDate,newCasesByPublishDate
2022-03-31,England,E92000001,,,,,,136,,,,,,,,62816
2022-03-30,England,E92000001,15632,,30791,16,579964,156,76097,85,1042,171243,484818,29664,41523087,74419
2022-03-29,England,E92000001,15411,,58244,81,579720,251,82015,1804,18615,189648,509635,37825,41511838,64935
2022-03-28,England,E92000001,15170,2280,77375,94,583969,143,72931,4167,31805,118196,580093,41403,41501690,183459
2022-03-27,England,E92000001,14465,2037,57761,98,507060,0,51736,5069,15151,121902,487077,37541,41492190,0
2022-03-26,England,E92000001,13796,1869,51443,101,469162,0,59440,4698,18082,135830,396005,28663,41485409,0
2022-03-25,England,E92000001,13842,1925,59805,103,582350,123,66842,5116,25181,154647,497380,29508,41468094,63371
2022-03-24,England,E92000001,13602,2006,68176,109,605952,111,68423,5620,27992,163829,550336,34564,41456151,79373
2022-03-23,England,E92000001,13248,2137,77163,107,653530,137,76537,7346,30161,186830,587678,39656,41445592,85916
2022-03-22,England,E92000001,13060,2098,81406,114,656572,200,75174,7893,32140,201729,573238,41373,41434177,74804
2022-03-21,England,E92000001,12753,1984,89420,84,653879,127,70281,8712,35593,115042,657829,45115,41423568,188925
2022-03-20,England,E92000001,12070,1793,66727,101,503279,0,57846,7837,17093,109605,504209,41797,41412679,0
2022-03-19,England,E92000001,11638,1813,54968,91,502289,0,58475,5935,17784,148694,415306,31249,41404018,0
2022-03-18,England,E92000001,11595,1629,61698,106,602610,95,68971,5769,23960,160077,514120,31969,41386017,68492
2022-03-17,England,E92000001,11346,1738,67348,93,620805,100,67185,5896,26203,163845,569393,35249,41372901,75681
2022-03-16,England,E92000001,11010,1823,73584,88,671264,116,74207,7257,27051,180324,610169,39276,41360591,76366
2022-03-15,England,E92000001,10877,1800,73836,78,626990,168,84117,7691,27104,187422,567716,39041,41347252,64313
2022-03-14,England,E92000001,10576,1651,79339,90,636594,125,60455,8033,30612,98993,644062,40694,41334093,163954
2022-03-13,England,E92000001,9908,1591,60155,86,498079,0,54381,7524,15713,104182,498099,36918,41322249,0
2022-03-12,England,E92000001,9618,1368,49052,84,466574,0,59964,5542,15641,129780,399904,27869,41312642,0
2022-03-11,England,E92000001,9369,1412,52174,79,568806,87,66870,5364,19276,141626,496880,27534,41293811,55883
2022-03-10,England,E92000001,9241,1414,54178,80,589853,95,66551,5187,20457,153124,541330,28534,41280160,52722
2022-03-09,England,E92000001,9163,1521,55369,84,593861,95,75045,5840,20318,151293,558874,29211,41267514,51378
2022-03-08,England,E92000001,9176,1389,52243,77,561661,172,82913,5812,18998,164816,517494,27433,41254181,44918
2022-03-07,England,E92000001,8923,1278,50915,74,575110,107,72549,5324,19953,103586,582923,25638,41241652,95324
2022-03-06,England,E92000001,8502,1260,35867,65,430125,0,58785,4457,9794,94275,436478,21616,41229964,0
2022-03-05,England,E92000001,8400,1050,28466,77,404139,0,63227,3289,9614,124133,346546,15563,41221559,0
2022-03-04,England,E92000001,8403,1044,30556,67,503455,80,68508,3002,12656,129134,445351,14898,41204550,31776
2022-03-03,England,E92000001,8210,1226,31479,87,527223,144,67760,3091,12761,131566,499584,15627,41189585,32858
2022-03-02,England,E92000001,8402,1184,33319,83,565786,42,62893,3603,12870,134914,529465,16846,41173215,32077
2022-03-01,England,E92000001,8486,1111,31799,74,523079,158,64963,3483,12437,138338,484207,15879,41160237,26711
2022-02-28,England,E92000001,8538,1145,31814,74,573451,106,58862,3368,13261,83715,584942,15185,41146925,60595
2022-02-27,England,E92000001,8305,949,22147,70,441952,0,45716,2890,6497,75436,454639,12760,41133961,0
2022-02-26,England,E92000001,8197,888,17571,73,398209,0,51000,1998,6392,107263,345330,9181,41124854,0
2022-02-25,England,E92000001,8498,841,19496,80,504062,97,59132,1822,8302,116822,448570,9372,41107153,23526
2022-02-24,England,E92000001,8645,984,21838,92,556080,99,66377,2009,9127,128601,524828,10702,41092655,28193
2022-02-23,England,E92000001,8868,976,25973,67,620853,140,58802,2650,10739,137142,580780,12584,41078354,29703
2022-02-22,England,E92000001,8948,976,27946,77,594400,170,72379,2867,11883,156009,546410,13196,41062083,30080
2022-02-21,England,E92000001,9229,1030,32992,85,681722,10,69826,3367,13762,101597,691522,15863,41045977,29753
2022-02-20,England,E92000001,9058,971,28355,110,604711,69,58376,3488,8264,107287,610777,16603,41031556,23831
2022-02-19,England,E92000001,9187,834,26423,94,479483,123,55988,2774,10440,114552,457895,13209,41022905,32230
2022-02-18,England,E92000001,9258,900,24900,90,565553,130,67236,2918,7701,148291,516204,14281,41004716,36900
2022-02-17,England,E92000001,9600,971,34121,103,746553,156,66974,3125,13920,182481,673322,17076,40992030,40376
2022-02-16,England,E92000001,9804,1120,39389,118,813454,170,75729,3966,15594,191708,751839,19829,40972948,42756
2022-02-15,England,E92000001,10019,1144,40091,121,731226,214,82763,4258,15742,213138,647557,20091,40953085,36471
2022-02-14,England,E92000001,10273,1132,42412,130,758593,23,75478,4338,17774,118088,768652,20300,40935715,31943
2022-02-13,England,E92000001,10049,1029,32294,123,659408,50,58077,4130,9286,115398,663449,18878,40919299,32316
2022-02-12,England,E92000001,10010,989,29016,128,602620,147,64921,3355,10911,187587,524480,14750,40908252,37791
2022-02-11,England,E92000001,10367,996,34906,119,771702,160,74287,3491,15288,213786,675058,16127,40884484,46736
2022-02-10,England,E92000001,10734,1167,41289,141,886409,170,71051,4262,17754,224341,785878,19273,40860843,53993
2022-02-09,England,E92000001,11071,1220,50945,136,1002999,242,81014,5599,21979,241041,912833,23367,40836933,59193
2022-02-08,England,E92000001,11471,1266,55387,142,906907,294,89614,6573,23503,276928,776834,25311,40813656,58453
2022-02-07,England,E92000001,11710,1234,62633,141,989257,34,74497,7415,26912,144559,984951,28306,40790500,48601
2022-02-06,England,E92000001,11529,1211,50113,162,868462,61,65677,7022,14535,144375,875973,28556,40769251,49533
2022-02-05,England,E92000001,11604,1077,43201,176,727359,232,67482,5286,16383,229999,621911,21532,40755204,57377
2022-02-04,England,E92000001,12032,1186,52452,161,910975,228,74171,5391,23025,253123,783471,24036,40729750,73185
2022-02-03,England,E92000001,12423,1292,63956,193,1053090,258,76595,6624,27267,283626,909995,30065,40703257,77189
2022-02-02,England,E92000001,12577,1451,73864,205,1162789,519,80330,8408,30352,288842,1036304,35104,40679231,81446
2022-02-01,England,E92000001,12896,1537,78296,220,1013856,185,83927,9246,31867,297262,867548,37183,40654197,103353
2022-01-31,England,E92000001,13331,1451,88345,218,1097729,37,82794,10356,35985,170347,1087192,42004,40630005,81720
2022-01-30,England,E92000001,12992,1285,74798,214,982039,75,63679,10028,21753,174312,968413,43017,40609130,59559
2022-01-29,England,E92000001,12672,1325,62979,237,813262,275,61219,7419,23216,249472,689164,32344,40586419,69137
2022-01-28,England,E92000001,13462,1342,71649,221,1003926,247,72003,7418,30245,277238,855298,33986,40552037,78711
2022-01-27,England,E92000001,13651,1503,82663,261,1124073,302,72102,8571,34093,302588,962506,39999,40521787,85288
2022-01-26,England,E92000001,13948,1689,93180,236,1267420,300,79272,10156,38515,312657,1120853,44509,40495461,90587
2022-01-25,England,E92000001,14088,1681,96875,209,1095779,409,89472,10538,40072,331521,924634,46265,40468154,84302
2022-01-24,England,E92000001,14563,1593,109117,250,1187546,44,74618,11991,44921,175614,1165358,52205,40443854,77232
2022-01-23,England,E92000001,14334,1535,88505,224,1078139,58,65121,11311,26451,183810,1063360,50743,40419566,68913
2022-01-22,England,E92000001,14320,1277,70398,253,899064,262,68213,7995,26823,258946,775513,35580,40395240,73331
2022-01-21,England,E92000001,14865,1453,78950,274,1056473,255,78069,8148,34118,292261,902496,36684,40356608,85902
2022-01-20,England,E92000001,15302,1698,86862,227,1189697,280,80958,8718,36675,329896,1011747,41469,40326810,95974
2022-01-19,England,E92000001,15742,1778,97224,242,1342718,301,87027,10376,41027,345479,1174955,45821,40299741,96545
2022-01-18,England,E92000001,16218,1794,103124,248,1131153,400,82939,11189,44163,335030,951118,47772,40274021,84987
2022-01-17,England,E92000001,16621,1808,114644,258,1206263,63,81715,12817,49975,173331,1197420,51852,40248876,74249
2022-01-16,England,E92000001,16372,1768,85503,248,1116590,79,61605,11851,28055,180710,1104173,45597,40226925,66273
2022-01-15,England,E92000001,16281,1604,67734,254,931053,266,66014,8454,28750,289979,772081,30530,40202830,74576
2022-01-14,England,E92000001,16537,1692,75074,247,1073374,221,78937,8326,36993,311522,900931,29755,40163688,87857
2022-01-13,England,E92000001,16716,1916,84027,233,1223108,284,76938,9328,42971,358792,1012978,31728,40138445,97770
2022-01-12,England,E92000001,16881,1955,89924,224,1372058,361,87668,10886,47622,408407,1144590,31416,40111895,116173
2022-01-11,England,E92000001,16939,2127,100910,246,1207248,358,94509,15342,57726,446042,929564,27842,40086819,104833
2022-01-10,England,E92000001,17120,2180,116053,249,1416132,55,78273,23254,77359,384192,1210337,15440,40063640,115998
2022-01-09,England,E92000001,16399,1975,82982,234,1436888,84,65755,23765,48466,458400,1146454,10751,40042198,121228
2022-01-08,England,E92000001,16034,1862,81163,218,1155940,282,74464,18447,54964,499665,793916,7752,40016659,130330
2022-01-07,England,E92000001,16163,1772,105027,228,1382705,193,86645,18291,77869,544438,1009603,8867,39975308,149405
2022-01-06,England,E92000001,16058,2043,150686,223,1569292,203,90692,22355,116836,537812,1280691,11495,39947508,152306
2022-01-05,England,E92000001,15659,2139,183718,194,1800801,316,97750,30136,141053,501103,1653349,12529,39920709,150232
2022-01-04,England,E92000001,15044,2101,234820,180,1782377,25,91949,37769,184995,494549,1613238,12056,39890930,148725
2022-01-03,England,E92000001,14210,2219,193538,161,1411561,42,61447,36995,146367,436913,1117937,10176,39857874,137541
2022-01-02,England,E92000001,13151,1881,148558,156,1164821,59,59936,29676,111537,424987,869234,7345,39835708,123547
2022-01-01,England,E92000001,12615,1819,99203,163,959424,154,59742,25444,66401,370973,705525,7358,39820104,162572
2021-12-31,England,E92000001,12395,1781,152826,149,1543415,178,76699,26678,112426,435506,1247871,13722,39817420,160276
2021-12-30,England,E92000001,11452,2114,192785,175,1275026,317,86653,29096,144045,426906,999198,19644,39798154,146604
2021-12-29,England,E92000001,10462,2370,223975,103,1283614,38,77616,33815,171103,367274,1063408,19057,39758399,138287
2021-12-28,England,E92000001,9546,2082,170535,146,1151038,15,70512,31972,128868,376102,911252,9695,39719053,117093
2021-12-27,England,E92000001,8474,1751,155524,126,1147852,143,58194,27911,121869,363519,905097,5744,39692427,98515
2021-12-26,England,E92000001,7536,1374,98889,107,1134350,0,47783,24282,69306,371986,878610,5301,39673741,103558
2021-12-25,England,E92000001,7166,1281,59904,92,1086236,0,39692,15497,38281,391859,813905,6126,39671750,113628
2021-12-24,England,E92000001,7366,1020,117552,115,1457488,114,68116,15054,96272,472281,1091617,6226,39670834,105069
2021-12-23,England,E92000001,7114,1252,137011,122,1413075,125,67246,16608,114294,479273,1056290,6109,39657294,107055
2021-12-22,England,E92000001,7080,1246,138110,115,1445844,123,80127,19104,113867,465678,1127697,5139,39617971,95795
2021-12-21,England,E92000001,6902,1098,129574,88,1273819,154,88102,19466,106426,457460,969685,3682,39570657,80916
2021-12-20,England,E92000001,6688,1061,117553,101,1307488,35,76204,17437,96930,395669,1050816,3186,39522166,76065
2021-12-19,England,E92000001,6434,926,78488,90,1259864,38,59627,14699,61060,415595,974782,2729,39477511,71702
2021-12-18,England,E92000001,6287,735,78922,92,1244805,111,64262,12480,63695,426272,940707,2747,39441375,82426
2021-12-17,England,E92000001,6321,743,84936,113,1362599,98,74610,12192,69356,479359,1013752,3388,39400263,83693
2021-12-16,England,E92000001,6405,777,93784,89,1397947,122,72875,13380,76446,465660,1066674,3958,39362570,77299
2021-12-15,England,E92000001,6358,805,99625,95,1414269,129,89546,16199,79596,479330,1104401,3830,39324944,68868
2021-12-14,England,E92000001,6434,815,90681,110,1105989,138,84907,16828,70327,435516,816093,3526,39291545,53093
2021-12-13,England,E92000001,6395,794,76489,92,1147423,26,75920,14053,59691,325693,959684,2745,39258415,44931
2021-12-12,England,E92000001,6223,772,46348,105,1076714,44,63153,10550,33972,343642,879291,1826,39233021,40713
2021-12-11,England,E92000001,6095,696,41935,79,861811,117,65036,6839,33810,330360,597585,1286,39208121,48540
2021-12-10,England,E92000001,6088,707,45002,93,1004751,90,76332,6189,37390,427716,693109,1423,39174060,48908
2021-12-09,England,E92000001,6130,799,48802,103,1116397,113,72151,6927,40203,440791,798000,1672,39145766,43550
2021-12-08,England,E92000001,6053,754,50020,97,1077425,134,84742,7702,40815,403935,829805,1503,39115926,44019
2021-12-07,England,E92000001,6027,799,48117,94,858122,161,83642,7187,39601,373052,613515,1329,39090816,38866
2021-12-06,England,E92000001,5992,736,51093,112,945303,34,74051,7625,41941,281214,790673,1527,39067610,41525
2021-12-05,England,E92000001,5903,728,34999,91,966872,41,60064,7602,26127,354637,747597,1270,39045988,37396
2021-12-04,England,E92000001,5784,635,33375,118,730552,104,64576,5249,27226,374931,455945,900,39025116,39949
2021-12-03,England,E92000001,5851,624,39214,111,884424,115,72358,5406,32748,419486,571144,1060,38990840,43888
2021-12-02,England,E92000001,5915,719,43028,84,964516,104,71453,6167,35607,397272,684957,1254,38964371,45880
2021-12-01,England,E92000001,5829,698,47251,104,1004771,141,77317,7572,38394,383728,764085,1285,38937452,41519
2021-11-30,England,E92000001,6123,699,47622,88,833636,143,80183,7611,38912,375784,580720,1099,38909382,33590
2021-11-29,England,E92000001,6094,669,47933,107,864358,21,75309,8189,38454,230727,763208,1290,38881449,34906
2021-11-28,England,E92000001,5890,607,33843,91,856023,40,57408,8315,24302,269068,727201,1226,38858848,32136
2021-11-27,England,E92000001,5852,609,28446,87,612012,112,56328,5105,22480,332966,367270,861,38836366,35798
2021-11-26,England,E92000001,5992,620,33660,107,724480,125,71256,5141,27601,344583,480922,918,38805750,42272
2021-11-25,England,E92000001,6068,650,37127,111,868365,113,72884,5565,30404,391613,591531,1158,38783827,40382
2021-11-24,England,E92000001,6062,752,39868,98,911754,129,72292,6603,32111,363014,681588,1154,38764212,36511
2021-11-23,England,E92000001,6257,659,40999,120,735461,140,81230,6420,33627,354385,500870,952,38744164,36550
2021-11-22,England,E92000001,6424,602,42857,93,837375,34,75059,7189,34497,273436,687280,1171,38725602,36478
2021-11-21,England,E92000001,6322,648,31756,90,846969,47,56469,7783,22926,313259,659472,1047,38710035,33513
2021-11-20,England,E92000001,6191,611,29859,100,601980,133,62255,5230,23834,340399,353207,795,38698795,36339
2021-11-19,England,E92000001,6310,637,33166,104,702743,123,73297,5066,27175,341853,462554,925,38677203,37006
2021-11-18,England,E92000001,6336,697,37087,113,816673,144,78075,5757,30177,351471,585056,1153,38658480,39315
2021-11-17,England,E92000001,6412,727,38250,99,868492,159,75576,6597,30575,355078,649153,1078,38641051,30638
2021-11-16,England,E92000001,6623,713,38644,130,644805,190,71274,6249,31392,279219,473776,1003,38622540,30853
2021-11-15,England,E92000001,6864,695,42474,137,781324,29,68473,6956,34359,219207,678666,1159,38605643,31440
2021-11-14,England,E92000001,6707,678,29572,103,769433,51,58232,7363,21086,246668,652369,1123,38590118,29404
2021-11-13,England,E92000001,6639,655,27352,110,548317,141,59962,4670,21904,296110,339500,778,38578159,33493
2021-11-12,England,E92000001,6777,729,31331,118,674320,122,66869,4844,25623,306700,462426,864,38555353,33155
2021-11-11,England,E92000001,6861,797,33686,121,811211,151,68429,5363,27216,337499,584166,1107,38536124,35472
2021-11-10,England,E92000001,6961,821,35374,118,847205,170,80943,6060,28174,337428,650795,1140,38516564,31541
2021-11-09,England,E92000001,7053,808,34670,125,670138,230,86353,5716,28048,325441,466117,906,38472568,27872
2021-11-08,England,E92000001,7075,850,36133,128,788631,32,71748,5928,29085,227118,680679,1120,38454360,24979
2021-11-07,England,E92000001,6910,739,25443,135,730324,47,61448,6145,18334,185707,679829,964,38436962,23779
2021-11-06,England,E92000001,6874,688,22575,138,533830,125,64822,3907,17985,286894,339257,683,38425760,26250
2021-11-05,England,E92000001,7072,686,24400,126,663001,151,70142,3582,20114,321985,439198,704,38402891,28490
2021-11-04,England,E92000001,7201,717,27369,120,768946,152,67843,4202,22227,298778,579537,940,38383854,30166
2021-11-03,England,E92000001,7291,807,29382,129,818465,181,75894,4821,23645,305769,651775,916,38366687,34317
2021-11-02,England,E92000001,7510,891,31315,128,689249,255,81788,4746,25667,333292,475888,902,38349313,28531
2021-11-01,England,E92000001,7535,899,37656,137,779256,13,70460,6092,30474,191194,711753,1090,38331506,32081
2021-10-31,England,E92000001,7311,860,29544,155,813088,59,53170,7172,21237,200373,743489,1135,38315755,31479
2021-10-30,England,E92000001,7155,741,28230,133,554859,138,62267,4993,22476,286509,359279,761,38304291,36204
2021-10-29,England,E92000001,7113,840,33983,130,669237,148,64733,5642,27432,318376,445657,909,38281812,36853
2021-10-28,England,E92000001,7019,888,35060,154,704594,124,65816,5964,27970,316565,492161,1126,38262637,33903
2021-10-27,England,E92000001,6951,955,36514,134,731232,169,77196,6818,28577,327483,525991,1119,38243051,37502
2021-10-26,England,E92000001,6883,911,35260,131,654086,208,78650,6365,27897,325299,443646,998,38224311,32280
2021-10-25,England,E92000001,6801,865,39939,115,658297,34,70378,6849,31968,201368,570569,1122,38204812,33309
2021-10-24,England,E92000001,6515,829,30083,119,682236,34,57416,6692,22369,291623,498038,1022,38186561,33221
2021-10-23,England,E92000001,6386,756,29740,132,591601,125,64713,5532,23311,322218,364170,897,38172423,41259
2021-10-22,England,E92000001,6405,760,34500,104,750884,143,72661,5784,27707,377017,478360,1009,38144896,41745
2021-10-21,England,E92000001,6366,799,38580,114,836716,66,74929,6519,30770,366879,590418,1291,38122473,44363
2021-10-20,England,E92000001,6299,903,43952,119,930840,134,76009,8381,34271,382797,688592,1300,38100446,41498
2021-10-19,England,E92000001,6099,894,44612,103,714638,189,83352,7848,35558,347585,493421,1206,38078745,36712
2021-10-18,England,E92000001,5938,896,49242,95,779275,22,73023,8611,39334,218106,687411,1297,38057604,39473
2021-10-17,England,E92000001,5623,828,37496,104,839611,41,57579,10023,26227,275463,698308,1246,38036936,38543
2021-10-16,England,E92000001,5385,743,31633,97,628141,123,62596,6267,24469,373198,349410,897,38022391,39624
2021-10-15,England,E92000001,5363,752,36617,107,753607,94,71797,5846,29893,397239,460237,878,37991951,37691
2021-10-14,England,E92000001,5289,730,39254,110,832860,110,62252,6509,31615,343887,599599,1130,37966571,38488
2021-10-13,England,E92000001,5246,752,40537,89,881160,101,77296,7518,32004,348980,679444,1015,37943082,36458
2021-10-12,England,E92000001,5213,760,40868,87,715991,147,83690,6855,33056,359188,482847,957,37918254,33287
2021-10-11,England,E92000001,5206,685,43096,93,809781,15,73334,7465,34485,238996,699794,1146,37895807,32349
2021-10-10,England,E92000001,5077,606,31487,70,819912,34,59418,8480,21846,250852,711478,1161,37875457,31096
2021-10-09,England,E92000001,4921,613,27170,92,593564,111,61009,4829,21610,347096,338243,731,37859814,31259
2021-10-08,England,E92000001,4975,619,29833,96,725465,109,71546,4600,24396,380689,447964,837,37830063,32157
2021-10-07,England,E92000001,4962,634,32155,92,824241,71,67285,5161,26005,343860,596543,989,37805057,33305
2021-10-06,England,E92000001,5009,632,32538,76,882679,99,75640,5960,25643,343882,684881,935,37780849,33450
2021-10-05,England,E92000001,5006,658,32253,87,693419,140,78194,5125,26309,346256,466963,819,37756714,28846
2021-10-04,England,E92000001,4909,627,36469,82,814888,13,66433,6194,29303,239716,697420,972,37732461,28251
2021-10-03,England,E92000001,4778,577,27130,75,870621,30,54031,7513,18631,261360,747470,986,37707715,25176
2021-10-02,England,E92000001,4652,549,21866,75,585493,103,64154,4154,17113,323203,357196,599,37690213,26794
2021-10-01,England,E92000001,4799,520,24126,98,754970,80,69513,3853,19580,354686,470653,693,37659364,28836
2021-09-30,England,E92000001,4916,552,26791,81,870198,87,61675,4387,21478,364675,616499,926,37629371,29826
2021-09-29,England,E92000001,5017,625,28671,85,929434,111,80308,5279,22381,359018,724229,1011,37599053,29036
2021-09-28,England,E92000001,5126,596,29619,79,685813,141,81953,4774,24000,319615,491537,845,37569146,28808
2021-09-27,England,E92000001,5121,617,34585,79,870485,23,64157,5920,27550,260722,733475,1115,37539476,29329
2021-09-26,England,E92000001,4949,535,26795,68,953390,37,59028,7418,18211,303030,798338,1166,37510886,25538
2021-09-25,England,E92000001,5100,520,23382,92,616688,104,65559,4391,18209,317444,398192,782,37489410,28087
2021-09-24,England,E92000001,5036,557,25742,92,748424,120,70348,4052,20822,353458,504953,868,37446361,28199
2021-09-23,England,E92000001,5214,577,28325,104,888051,131,70864,4595,22699,358918,655053,1031,37406794,29045
2021-09-22,England,E92000001,5406,572,28781,106,771861,121,81906,5279,22386,289850,715610,1116,37365066,27317
2021-09-21,England,E92000001,5543,602,30534,93,699571,174,89212,4742,24741,331878,501967,1051,37325390,24973
2021-09-20,England,E92000001,5727,606,32109,105,833383,27,73433,5609,25335,221693,748235,1165,37286142,26905
2021-09-19,England,E92000001,5695,572,24787,90,971159,34,46458,6972,16618,246345,864383,1197,37244704,22173
2021-09-18,England,E92000001,5688,560,20920,94,574061,131,57411,3969,16246,274337,394308,705,37214246,22956
2021-09-17,England,E92000001,5910,540,22360,127,710754,130,62580,3640,17941,294975,517357,779,37148112,23265
2021-09-16,England,E92000001,6081,672,22158,114,847517,123,76228,3647,17533,320155,662522,978,37092855,22949
2021-09-15,England,E92000001,6306,691,22374,104,928864,151,84684,3771,17680,327910,771939,923,37033914,22078
2021-09-14,England,E92000001,6344,701,22623,118,697906,152,82212,3548,18235,296044,539772,840,36976818,19739
2021-09-13,England,E92000001,6424,688,25191,72,885876,32,69946,3984,20232,199146,845135,975,36920297,21077
2021-09-12,England,E92000001,6253,658,17872,106,901824,42,59097,4355,12555,220006,831430,962,36865490,19913
2021-09-11,England,E92000001,6206,649,16954,105,589719,143,61499,2831,13445,284646,401553,678,36822588,23825
2021-09-10,England,E92000001,6400,680,21017,110,898839,114,68165,3164,16946,289214,771824,907,36736520,26653
2021-09-09,England,E92000001,6254,790,24430,132,1034276,138,70290,3859,19432,310979,913674,1139,36657757,27049
2021-09-08,England,E92000001,6302,900,25649,115,1043840,158,75232,4243,20344,313870,948256,1062,36571165,29286
2021-09-07,England,E92000001,6244,801,27928,124,961333,183,84205,4558,22247,278107,933790,1123,36495617,27545
2021-09-06,England,E92000001,6375,831,33121,121,1175617,28,71735,5293,26568,218554,1239198,1260,36422613,27202
2021-09-05,England,E92000001,6167,691,23453,118,855365,58,57932,4577,17801,242935,746904,1075,36352855,27022
2021-09-04,England,E92000001,6043,752,23402,111,595475,102,61281,3504,19035,285532,411952,863,36293590,29614
2021-09-03,England,E92000001,6195,688,28722,126,1034908,96,65082,4325,23257,310993,924942,1140,36177263,31726
2021-09-02,England,E92000001,6186,788,30617,101,981437,144,67877,4759,24548,322140,847993,1310,36079141,28686
2021-09-01,England,E92000001,6236,835,31583,96,849274,184,73604,4929,25494,269597,748749,1160,35975144,24723
2021-08-31,England,E92000001,6293,798,33557,95,740287,36,69046,5120,27182,213329,668212,1255,35873058,20967
2021-08-30,England,E92000001,6002,808,24953,91,544567,42,55762,4416,19559,147493,500938,978,35768055,21324
2021-08-29,England,E92000001,5855,701,19147,107,569123,49,50279,3450,14845,204941,455360,852,35715918,22501
2021-08-28,England,E92000001,5756,688,20129,105,592295,119,50032,3162,16061,229021,441068,906,35651208,25118
2021-08-27,England,E92000001,5889,749,24241,106,735654,86,60509,3343,19743,276054,554708,1155,35534625,27545
2021-08-26,England,E92000001,5893,777,26475,105,784879,121,62603,3807,21512,300758,589531,1156,35419376,29417
2021-08-25,England,E92000001,5922,843,27892,88,755123,135,74305,4270,22555,308857,563138,1067,35292109,27350
2021-08-24,England,E92000001,5911,818,28199,104,574977,152,84608,4227,23047,261255,435284,925,35149802,23474
2021-08-23,England,E92000001,6000,831,30327,97,596699,29,69618,4484,24751,176642,531530,1092,35040581,24158
2021-08-22,England,E92000001,5749,726,22393,104,541293,33,58188,4076,17393,208231,433519,924,34927576,25952
2021-08-21,England,E92000001,5575,757,22584,89,527077,97,60802,3490,18232,277407,336332,862,34831330,26982
2021-08-20,England,E92000001,5576,733,25547,101,614677,92,68117,3897,20587,279472,430610,1063,34657292,29576
2021-08-19,England,E92000001,5554,824,29063,93,673730,95,62666,4232,23626,295836,475724,1205,34511819,29762
2021-08-18,England,E92000001,5514,795,31422,82,640001,86,78479,4705,25552,294864,463442,1165,34357933,28648
2021-08-17,England,E92000001,5437,832,31084,98,573473,154,82337,4544,25397,286082,403918,1143,34210364,22712
2021-08-16,England,E92000001,5429,776,30849,77,576938,20,71310,4703,24913,159671,528580,1233,34089456,23171
2021-08-15,England,E92000001,5115,719,21274,74,549512,54,54283,4006,16264,204582,442669,1004,33971458,22859
2021-08-14,England,E92000001,4973,689,21336,82,545588,83,60377,3507,16886,255453,351586,943,33869577,26700
2021-08-13,England,E92000001,5076,694,24986,90,683472,86,67696,3714,20216,287594,465513,1056,33695859,28679
2021-08-12,England,E92000001,5029,758,27686,92,675509,81,67163,4254,22192,287086,493629,1240,33552169,28093
2021-08-11,England,E92000001,5073,747,29131,80,681380,91,76346,4705,23214,294610,504466,1212,33386744,26647
2021-08-10,England,E92000001,5096,760,27606,69,598607,132,79419,4274,22195,275294,438029,1137,33240790,20630
2021-08-09,England,E92000001,5098,665,28287,70,610007,26,69374,4423,22630,166956,553134,1234,33117069,21915
2021-08-08,England,E92000001,4939,651,20153,66,571369,35,54442,3962,15206,206457,465687,985,33004783,24196
2021-08-07,England,E92000001,4817,630,19983,85,555224,88,59473,3343,15685,277833,364608,955,32910451,25877
2021-08-06,England,E92000001,4879,657,24872,80,655783,81,68076,3755,19994,272291,482132,1123,32725582,28321
2021-08-05,England,E92000001,4894,693,28126,91,685289,69,68848,4307,22500,277574,516230,1319,32588410,26512
2021-08-04,England,E92000001,4944,747,28894,71,686133,101,81955,4604,22986,309350,503280,1304,32444987,26393
2021-08-03,England,E92000001,5116,680,27034,66,579689,123,80158,4304,21586,262279,433894,1144,32313406,19012
2021-08-02,England,E92000001,5309,686,26574,68,611220,17,68352,4124,21196,153293,570935,1254,32204802,19175
2021-08-01,England,E92000001,5090,645,18628,75,554767,52,56605,3689,13909,175952,485802,1030,32110377,21645
2021-07-31,England,E92000001,5057,593,18448,77,566687,54,65336,2980,14528,286123,375910,940,32017961,23949
2021-07-30,England,E92000001,5111,650,22105,94,704280,55,68713,3390,17626,303334,502730,1089,31835136,26241
2021-07-29,England,E92000001,5056,758,25358,68,721215,67,68586,3877,20192,292586,543397,1289,31692421,27524
2021-07-28,England,E92000001,5182,728,26923,72,752669,73,76237,4446,21278,323902,557853,1199,31546949,24367
2021-07-27,England,E92000001,5163,816,26019,59,650023,121,82240,4303,20529,302574,471414,1187,31415901,20290
2021-07-26,England,E92000001,5055,830,26536,67,686298,12,70692,4191,20964,183144,627774,1381,31297573,22181
2021-07-25,England,E92000001,4725,836,19642,64,676278,26,54489,3844,14655,220722,573041,1143,31181649,25434
2021-07-24,England,E92000001,4476,734,20272,65,628757,74,63467,3397,15874,306696,421796,1001,31087214,28968
2021-07-23,England,E92000001,4401,725,24533,72,789558,56,69832,3718,19641,337643,562100,1174,30909329,32792
2021-07-22,England,E92000001,4230,827,27707,65,872197,58,75833,4141,22153,344594,659167,1413,30754568,35939
2021-07-21,England,E92000001,4063,783,31663,45,883385,63,79404,5171,25031,344516,687572,1461,30598323,39504
2021-07-20,England,E92000001,3894,805,35940,49,739757,82,77491,5925,28516,336800,526322,1499,30452042,43261
2021-07-19,England,E92000001,3813,752,43387,70,959120,15,67301,7273,34144,294628,792518,1970,30325879,34657
2021-07-18,England,E92000001,3546,698,33162,57,914994,21,51378,7571,23744,247570,813635,1847,30213335,44777
2021-07-17,England,E92000001,3442,622,35278,44,672734,35,52769,6223,27503,348213,418179,1552,30107863,50955
2021-07-16,England,E92000001,3367,593,51136,41,853837,42,64017,7796,41464,374228,583239,1876,29911441,47360
2021-07-15,England,E92000001,3241,658,57579,44,1035833,44,64801,9647,45387,380469,783577,2545,29747505,44523
2021-07-14,England,E92000001,3110,636,50317,33,1048150,36,79315,9610,38478,346102,877124,2229,29580353,37895
2021-07-13,England,E92000001,2970,621,43243,38,776379,45,81449,8336,32982,334563,577022,1925,29429018,32883
2021-07-12,England,E92000001,2798,610,40471,34,942513,6,68356,8298,30184,257362,830028,1989,29304113,30619
2021-07-11,England,E92000001,2564,502,27417,26,997240,25,51393,6508,19514,290044,864598,1395,29204296,28421
2021-07-10,England,E92000001,2429,442,25405,33,632504,26,61984,4840,19497,331885,403025,1068,29123541,29732
2021-07-09,England,E92000001,2352,451,29045,39,772509,22,68659,4602,23228,336195,545214,1215,28948796,31231
2021-07-08,England,E92000001,2209,488,29908,30,950034,31,73310,4907,23527,327216,761659,1474,28805193,28421
2021-07-07,England,E92000001,2144,461,34270,23,1063493,28,82777,5543,27234,345052,902120,1493,28669736,27516
2021-07-06,England,E92000001,1998,458,31607,19,809999,30,80601,5566,24717,326368,618038,1324,28541510,25295
2021-07-05,England,E92000001,1888,416,30193,24,1023171,7,73066,5844,22793,259960,911192,1556,28432362,23286
2021-07-04,England,E92000001,1744,390,21791,23,1134460,15,60551,5721,14677,278549,1012598,1393,28324385,20454
2021-07-03,England,E92000001,1636,323,20634,24,537018,15,65322,4039,15577,285238,357479,1018,28238637,21317
2021-07-02,England,E92000001,1611,307,22288,25,722474,22,71021,3892,17353,314919,519499,1043,28072972,22393
2021-07-01,England,E92000001,1560,295,24267,22,961716,16,72876,4092,18827,328563,774394,1348,27930697,22948
2021-06-30,England,E92000001,1500,331,23940,20,1088370,11,74016,4627,18149,343350,930299,1164,27776520,21293
2021-06-29,England,E92000001,1445,283,23250,20,722844,22,82813,4146,18066,306832,554452,1038,27637527,16802
2021-06-28,England,E92000001,1465,244,23511,10,962433,3,69412,4526,17739,207364,900357,1246,27522043,18702
2021-06-27,England,E92000001,1331,226,15407,19,1084868,9,57625,4267,10082,242211,1030073,1058,27414725,11560
2021-06-26,England,E92000001,1276,223,13485,9,503018,20,63221,2853,9941,286148,318068,691,27316732,15136
2021-06-25,England,E92000001,1284,206,14901,21,705856,15,69224,2712,11374,311946,501293,815,27144408,13498
2021-06-24,England,E92000001,1274,194,15081,21,926194,16,70219,2731,11450,307749,751776,900,27011033,13068
2021-06-23,England,E92000001,1255,214,14805,6,997225,13,77492,2924,11048,297761,889594,833,26874354,12765
2021-06-22,England,E92000001,1301,182,13564,9,664437,23,84845,2624,10251,287604,512878,689,26745666,9096
2021-06-21,England,E92000001,1290,181,12706,13,895781,5,72729,2400,9540,199594,839058,766,26534936,8766
2021-06-20,England,E92000001,1168,171,8203,22,1025695,6,56734,2222,5337,207254,1006612,644,26534936,7778
2021-06-19,England,E92000001,1143,178,7125,19,479905,12,64826,1420,5263,280982,297673,442,26456342,8954
2021-06-18,England,E92000001,1170,185,8772,10,651366,9,70094,1572,6631,283215,471460,569,26260696,9185
2021-06-17,England,E92000001,1122,202,9523,5,896882,15,71651,1760,7056,289399,741390,707,26098666,9371
2021-06-16,England,E92000001,1057,177,9410,12,948230,8,82758,1847,6896,284800,859486,667,25922508,7642
2021-06-15,England,E92000001,1030,188,9148,15,625430,8,86485,1661,6990,269253,490527,497,25741881,6486
2021-06-14,England,E92000001,993,185,8941,9,822290,3,63544,1924,6387,127128,830248,630,25566178,6647
2021-06-13,England,E92000001,947,187,6074,7,942861,7,54562,1595,3918,179220,945295,561,25391916,6269
2021-06-12,England,E92000001,915,137,5422,14,425898,10,63314,1111,3984,243118,278214,327,25238467,6601
2021-06-11,England,E92000001,884,144,6510,6,612630,16,67219,1104,4973,263772,452360,433,24961654,6782
2021-06-10,England,E92000001,906,162,6717,9,808442,5,66422,1128,5059,266534,686448,530,24710013,6436
2021-06-09,England,E92000001,876,158,6918,6,931372,5,76907,1246,5150,257189,849287,522,24461363,6201
2021-06-08,England,E92000001,879,147,6630,9,574686,13,76364,1170,5058,249500,446656,402,24207450,5250
2021-06-07,England,E92000001,860,131,6790,5,819458,0,68429,1188,5087,157994,799678,515,23954753,4913
2021-06-06,England,E92000001,807,121,4729,7,1127651,4,58992,1129,3060,163733,1142942,540,23710646,4405
2021-06-05,England,E92000001,782,96,3964,6,379429,12,64877,729,2955,214656,265123,280,23493155,4810
2021-06-04,England,E92000001,805,96,4884,11,538942,9,63005,875,3692,230097,408186,317,23077511,5102
2021-06-03,England,E92000001,779,93,5129,10,673338,13,62569,913,3809,242923,545249,407,22755909,4310
2021-06-02,England,E92000001,801,101,5039,12,710865,11,72127,965,3739,241925,617260,335,22442383,3486
2021-06-01,England,E92000001,776,115,4515,3,537077,0,69295,809,3373,161299,493009,333,22153420,2539
2021-05-31,England,E92000001,773,98,3170,8,508152,0,51759,659,2237,106953,518604,274,21874135,2854
2021-05-30,England,E92000001,755,80,2598,8,515341,6,53553,588,1748,134809,511419,262,21719461,2621
2021-05-29,England,E92000001,748,69,2461,7,389050,6,53683,444,1833,216514,251286,184,21540037,2747
2021-05-28,England,E92000001,743,92,2929,6,547504,8,62102,425,2192,227054,414930,312,21158221,3434
2021-05-27,England,E92000001,742,83,3075,8,820563,8,64079,468,2249,261437,686699,358,20777366,2936
2021-05-26,England,E92000001,745,95,3178,12,975565,8,78223,531,2249,260113,904061,398,20403324,2540
2021-05-25,England,E92000001,765,88,2797,6,596595,13,83955,427,2105,252641,476787,265,20034770,2081
2021-05-24,England,E92000001,797,98,2749,8,828484,3,73193,430,1940,134913,840132,379,19707303,1972
2021-05-23,England,E92000001,756,77,1918,8,1056153,3,56643,446,1054,141849,1115081,418,19427631,1734
2021-05-22,England,E92000001,730,75,1606,3,392603,6,65333,270,1162,217701,275654,174,19207569,2242
2021-05-21,England,E92000001,766,85,1870,9,589006,6,68603,258,1361,249510,444197,251,18699556,2303
2021-05-20,England,E92000001,749,98,2000,6,854163,6,66086,229,1463,227532,764871,308,18328096,2307
2021-05-19,England,E92000001,757,93,2260,3,1029131,3,80410,324,1532,262431,973510,404,17960954,2151
2021-05-18,England,E92000001,749,90,2241,3,592338,5,81372,318,1654,242254,480693,269,17651934,2008
2021-05-17,England,E92000001,798,74,2341,6,861372,3,65350,322,1620,117361,883589,399,17382651,1645
2021-05-16,England,E92000001,801,59,1586,6,978921,3,56200,359,866,130079,1117458,361,17172209,1471
2021-05-15,England,E92000001,810,70,1304,8,354009,7,65468,208,940,215215,240060,156,17014522,1614
2021-05-14,England,E92000001,818,72,1538,3,556282,15,65479,201,1138,229119,424286,199,16660758,1828
2021-05-13,England,E92000001,845,74,1737,6,858017,8,68508,256,1101,234090,762757,380,16314333,2229
2021-05-12,England,E92000001,907,93,1869,9,1031328,11,76045,225,1227,248982,987666,417,15935683,1804
2021-05-11,England,E92000001,921,79,1871,14,575437,18,82560,264,1287,245013,461175,320,15533159,2117
2021-05-10,England,E92000001,944,76,2324,10,846984,0,69450,315,1504,115752,875719,505,15224244,2009
2021-05-09,England,E92000001,933,76,1985,8,1205318,2,59748,348,936,159089,1265412,701,15031521,1418
2021-05-08,England,E92000001,948,80,1298,9,390476,5,67109,210,911,235911,256517,177,14871208,1742
2021-05-07,England,E92000001,973,77,1656,10,575588,13,70721,220,1186,241796,444332,250,14466698,2142
2021-05-06,England,E92000001,976,88,1966,7,937762,12,67717,269,1252,267394,789412,445,14051967,2194
2021-05-05,England,E92000001,1032,96,2202,13,1064100,27,78446,340,1346,252818,1021932,516,13632735,1906
2021-05-04,England,E92000001,1093,76,2197,9,733543,3,77477,334,1418,162491,709736,445,13284182,1659
2021-05-03,England,E92000001,1096,98,1806,10,974794,1,57938,297,965,102171,1061982,544,13072543,1453
2021-05-02,England,E92000001,1082,92,1305,12,725412,13,55286,275,670,136617,787388,360,12972758,1377
2021-05-01,England,E92000001,1071,68,1209,8,394512,6,54994,195,864,222804,257753,150,12835358,1642
2021-04-30,England,E92000001,1161,82,1528,12,540705,14,68227,161,1120,216073,430110,247,12506188,2046
2021-04-29,England,E92000001,1235,80,1901,13,930832,15,70265,252,1147,246949,833769,502,12144430,2103
2021-04-28,England,E92000001,1278,89,2152,15,1199205,27,82249,311,1213,265823,1160371,628,11749387,1829
2021-04-27,England,E92000001,1310,128,1808,13,590203,16,80217,287,1215,226477,499130,306,11355235,2410
2021-04-26,England,E92000001,1393,108,2268,10,914148,3,65852,274,1426,122230,939319,568,11041619,1752
2021-04-25,England,E92000001,1377,107,1897,12,1353908,7,59818,314,846,152635,1437664,737,10791851,1401
2021-04-24,England,E92000001,1401,99,1300,7,387241,27,68524,168,896,228804,265483,236,10564692,1804
2021-04-23,England,E92000001,1478,124,1701,19,587835,38,70329,176,1209,254396,444184,316,10086684,2277
2021-04-22,England,E92000001,1523,92,2032,15,968128,11,66541,196,1343,246064,872578,493,9692540,2315
2021-04-21,England,E92000001,1609,126,2299,17,1225183,20,77286,268,1450,261960,1193124,581,9346865,1943
2021-04-20,England,E92000001,1649,98,2112,17,588533,28,85658,262,1497,232309,492664,353,9007092,2169
2021-04-19,England,E92000001,1732,138,2268,16,927623,2,69608,216,1473,120299,954866,579,8734163,2550
2021-04-18,England,E92000001,1691,112,2281,16,1576875,7,54207,297,1010,153473,1649871,974,8518498,1495
2021-04-17,England,E92000001,1735,135,1397,21,399963,31,59684,157,1050,241684,258874,190,8322627,1897
2021-04-16,England,E92000001,1844,118,1963,16,563949,30,65479,215,1486,231551,437272,262,7863747,2225
2021-04-15,England,E92000001,1885,127,1958,18,871585,25,63093,193,1380,231898,784419,385,7417722,2171
2021-04-14,England,E92000001,1972,156,2068,9,1022137,34,71188,263,1465,233499,985172,340,7054720,2054
2021-04-13,England,E92000001,2057,153,2060,20,546235,18,83982,222,1580,222983,456772,258,6762337,2070
2021-04-12,England,E92000001,2108,173,2396,27,770521,13,62161,282,1801,107387,801426,313,6504605,3222
2021-04-11,England,E92000001,2096,175,2020,21,1123080,3,54404,342,1269,133952,1178153,409,6338332,1338
2021-04-10,England,E92000001,2190,151,2009,19,374893,33,66404,193,1647,233955,243219,169,6177878,2032
2021-04-09,England,E92000001,2321,167,2481,20,546096,51,67930,215,2047,252047,401026,219,5740436,2638
2021-04-08,England,E92000001,2382,167,2651,32,799872,44,70153,251,2099,262301,683665,301,5336230,2486
2021-04-07,England,E92000001,2486,189,2752,24,905219,40,69063,367,2094,236576,848636,291,4933018,2304
2021-04-06,England,E92000001,2588,183,2755,23,514367,15,71360,337,2195,155673,482437,223,4560777,1937
2021-04-05,England,E92000001,2680,188,2314,11,653338,16,56761,326,1736,97141,691193,252,4398311,2236
2021-04-04,England,E92000001,2672,156,2041,25,728868,10,56233,379,1378,135003,780679,284,4344251,1954
2021-04-03,England,E92000001,2677,179,2119,27,306159,8,48357,304,1658,165177,218850,157,4304760,2847
2021-04-02,England,E92000001,2784,178,2248,22,466349,47,49683,280,1784,245327,305482,184,4146857,2881
2021-04-01,England,E92000001,2928,180,3067,29,825347,41,66658,398,2344,242675,715690,325,3931103,3784
2021-03-31,England,E92000001,3084,225,3341,37,1127243,36,65059,598,2295,236652,1081304,448,3519105,3327
2021-03-30,England,E92000001,3283,217,3134,38,561689,39,78543,280,2579,253598,302957,275,3177357,3384
2021-03-29,England,E92000001,3466,206,3422,27,858382,22,65942,201,2969,119633,309928,252,2943529,4112
2021-03-28,England,E92000001,3438,221,4476,27,1540914,17,54150,1175,2012,150480,2150682,1289,2806124,3153
2021-03-27,England,E92000001,3676,217,3136,32,357708,43,58934,455,2398,235773,204705,283,2679046,3813
2021-03-26,England,E92000001,3712,245,3803,41,588747,61,63828,454,2931,228936,457348,418,2477711,5273
2021-03-25,England,E92000001,3763,288,4674,38,1132017,49,67751,607,3334,262519,976858,733,2226749,5286
2021-03-24,England,E92000001,4005,277,5319,35,1652666,92,73598,825,3397,290770,1573725,1097,2028543,4615
2021-03-23,England,E92000001,4245,295,4563,48,702027,103,77273,583,3379,256097,573065,601,1820530,4583
2021-03-22,England,E92000001,4501,294,5399,59,1074841,16,65831,744,3892,137568,1072574,763,1685983,4746
2021-03-21,England,E92000001,4492,279,4677,71,1787512,26,57725,1050,2612,161319,1805102,1015,1621547,4459
2021-03-20,England,E92000001,4589,287,3513,59,353889,82,55876,437,2820,225035,207517,256,1591129,4732
2021-03-19,England,E92000001,4841,283,4329,56,802685,81,64915,483,3454,260712,660487,392,1520680,3809
2021-03-18,England,E92000001,5083,351,4680,51,1298072,83,65924,515,3569,249608,1201652,596,1419950,5213
2021-03-17,England,E92000001,5397,343,5046,66,1481193,121,72890,631,3702,286118,1398033,713,1315341,4827
2021-03-16,England,E92000001,5664,364,4919,69,1184701,101,77727,485,3890,264985,1090647,544,1224435,4391
2021-03-15,England,E92000001,5976,431,5637,88,1469240,61,58041,550,4301,122728,1505397,786,1161526,4264
2021-03-14,England,E92000001,6039,357,3707,83,869966,40,56335,495,2747,159296,833147,465,1129444,3774
2021-03-13,England,E92000001,6072,385,3590,99,334203,106,58232,294,3068,228730,181561,228,1115066,4539
2021-03-12,England,E92000001,6391,386,4766,81,1284499,145,63420,342,3881,228988,1213619,543,1076426,5529
2021-03-11,England,E92000001,6687,449,4849,109,1487867,138,65195,337,3954,273262,1395720,558,1008912,5744
2021-03-10,England,E92000001,6975,494,5223,99,1411768,156,73897,359,4251,304883,1303418,613,939232,4863
2021-03-09,England,E92000001,7451,483,5488,117,1252768,207,67547,350,4554,232275,1204060,584,868272,4894
2021-03-08,England,E92000001,7847,501,5818,122,1427486,62,61588,423,4721,126914,1464756,674,821121,3903
2021-03-07,England,E92000001,7812,461,3677,115,717595,61,52182,278,3049,161189,656101,350,797321,4497
2021-03-06,England,E92000001,8021,528,3833,128,350445,135,60274,176,3437,240978,185903,220,788188,5118
2021-03-05,England,E92000001,8594,487,4728,156,829377,211,66316,190,4145,260704,696743,393,766500,5053
2021-03-04,England,E92000001,9092,596,5011,130,868966,202,64866,178,4331,252356,735020,502,729265,5643
2021-03-03,England,E92000001,9594,607,5305,126,727111,264,74378,232,4658,287736,564909,415,684220,5408
2021-03-02,England,E92000001,10121,683,5951,157,548300,307,72821,221,5324,249113,400943,406,640219,5530
2021-03-01,England,E92000001,10765,704,6215,192,631411,99,58483,247,5511,147929,575324,457,612567,4738
2021-02-28,England,E92000001,10663,662,4112,198,440289,115,49147,184,3684,168881,355603,244,599935,5080
2021-02-27,England,E92000001,11090,624,4254,197,276520,254,59593,96,3974,233585,112457,184,590547,6527
2021-02-26,England,E92000001,11781,718,5884,196,488157,300,65244,158,5395,252247,316816,331,574963,7393
2021-02-25,England,E92000001,12449,832,6935,222,607479,266,63333,205,6314,267679,428395,416,558737,8623
2021-02-24,England,E92000001,13007,874,7620,241,599868,380,73458,246,6943,280041,429456,431,542569,8644
2021-02-23,England,E92000001,13511,976,8535,257,468808,483,74591,234,7899,246712,317591,402,528360,7292
2021-02-22,England,E92000001,14137,980,10278,242,563973,165,59816,348,9338,131756,518877,592,518779,9420
2021-02-21,England,E92000001,14142,1009,7033,286,491319,190,50914,304,6414,205975,368756,315,513435,8408
2021-02-20,England,E92000001,14316,904,7160,305,289625,397,61069,137,6716,243242,116514,307,511089,8964
2021-02-19,England,E92000001,15018,1068,9246,316,394117,481,64698,234,8609,243837,225582,403,508657,10296
2021-02-18,England,E92000001,15633,1149,10304,366,420783,377,59165,261,9594,252946,244185,449,504762,10740
2021-02-17,England,E92000001,16458,1233,10419,385,432755,638,73632,331,9654,286315,240210,434,500201,10926
2021-02-16,England,E92000001,17093,1311,11270,397,353312,733,75992,277,10505,234787,209939,488,495704,9236
2021-02-15,England,E92000001,17730,1322,12954,461,339512,210,65059,388,12031,136815,287138,535,492576,8609
2021-02-14,England,E92000001,17787,1364,7780,438,307065,228,44836,297,7213,169095,208071,270,490722,9499
2021-02-13,England,E92000001,17694,1240,8022,432,290428,544,49829,161,7593,237579,110454,268,489885,11697
2021-02-12,England,E92000001,19009,1318,10986,459,488433,657,63369,283,10280,270091,295267,423,487699,13299
2021-02-11,England,E92000001,19983,1440,11637,513,590926,594,63364,317,10836,276282,401786,484,483966,12001
2021-02-10,England,E92000001,20926,1535,12272,544,612286,926,76152,446,11305,295286,424344,521,479320,11551
2021-02-09,England,E92000001,22067,1531,12696,541,434253,974,80505,375,11822,241082,293192,499,475228,10916
2021-02-08,England,E92000001,23020,1739,14369,613,522610,304,58011,488,13241,141418,464433,640,473055,12270
2021-02-07,England,E92000001,22991,1675,10457,569,488573,329,49694,502,9581,205466,362236,374,471636,14466
2021-02-06,England,E92000001,23042,1679,10951,612,350569,724,59184,249,10359,298080,120947,343,471324,16302
2021-02-05,England,E92000001,24402,1757,14462,677,542040,892,67482,373,13538,312279,311443,551,470723,17314
2021-02-04,England,E92000001,25334,1907,16716,651,650022,817,73475,447,15605,327205,418674,664,468782,18529
2021-02-03,England,E92000001,26374,2096,17949,779,652103,1173,77273,574,16658,304348,454473,717,466171,17265
2021-02-02,England,E92000001,27397,2222,18197,761,484099,1356,69710,513,17035,265684,308072,649,463889,15021
2021-02-01,England,E92000001,28539,2347,20764,810,544295,368,60414,725,19241,151579,477080,798,462503,16815
2021-01-31,England,E92000001,28112,2183,14138,813,480318,528,50043,576,13069,199887,356579,493,460907,19054
2021-01-30,England,E92000001,28571,2193,15524,833,329569,1098,60462,339,14754,283856,114090,431,458150,21089
2021-01-29,England,E92000001,29359,2379,20363,945,529018,1124,72974,476,19268,323811,289467,619,447898,26709
2021-01-28,England,E92000001,30333,2719,22524,1019,612110,1088,73134,604,21172,337550,367044,748,446372,26182
2021-01-27,England,E92000001,30846,2742,23899,1011,619040,1568,81547,628,22596,344917,380262,675,445101,22914
2021-01-26,England,E92000001,32337,2799,25210,966,462844,1520,81335,934,23916,276082,285228,360,444011,17920
2021-01-25,England,E92000001,32938,2648,27971,1075,442106,548,61640,1206,26314,157363,366703,451,443010,20149
2021-01-24,England,E92000001,32907,2824,15883,1042,317509,551,49558,694,14962,216974,166860,227,441684,27580
2021-01-23,England,E92000001,32614,2780,20425,1065,361349,1233,66909,646,19481,332982,101379,298,441074,30496
2021-01-22,England,E92000001,33412,3016,27741,1125,500931,1251,64654,935,26431,337244,237072,375,440300,37115
2021-01-21,England,E92000001,33235,3237,29633,1136,515159,1134,74098,970,28252,363335,240257,411,439182,34371
2021-01-20,England,E92000001,33886,3679,32680,1177,479267,1662,86016,1093,31147,358526,221398,440,436848,35061
2021-01-19,England,E92000001,34015,3768,37055,1249,432475,1507,81113,1264,35313,292244,235001,478,434125,30371
2021-01-18,England,E92000001,34336,3711,41934,1170,450937,560,56356,1550,39858,213103,311486,526,431136,34134
2021-01-17,England,E92000001,33352,3424,26976,1172,312290,598,51828,886,25774,266911,108436,316,427386,35263
2021-01-16,England,E92000001,32923,3569,28410,1175,363912,1140,66744,853,27206,347864,87241,351,426102,37759
2021-01-15,England,E92000001,33362,3295,37878,1104,460222,1139,68582,1117,36247,348889,186068,514,424327,50741
2021-01-14,England,E92000001,32925,3678,39660,1092,528455,1114,66539,1169,37982,426408,177775,509,420510,44358
2021-01-13,England,E92000001,32689,3840,42301,1106,468934,1400,74028,1274,40504,387683,164272,523,415656,42898
2021-01-12,England,E92000001,32202,4134,45970,1095,420181,1151,81899,1327,44077,334390,175530,566,407294,41121
2021-01-11,England,E92000001,32070,3894,53518,1006,420051,495,60921,1715,51107,269312,220152,696,393925,41835
2021-01-10,England,E92000001,30758,3571,33750,983,343623,498,58301,949,32418,330802,75550,383,374613,50291
2021-01-09,England,E92000001,29462,3718,36419,931,415610,871,65946,891,35132,414974,68919,396,,54257
2021-01-08,England,E92000001,29346,3549,43492,890,517279,1156,72432,1199,41714,454153,139814,579,,61757
2021-01-07,England,E92000001,28246,3849,48132,890,455241,1004,78388,1228,46318,414781,124133,586,,46841
2021-01-06,England,E92000001,27727,3967,52752,827,412008,884,77180,1115,51079,393437,100357,558,,56060
2021-01-05,England,E92000001,26467,3697,59597,823,351847,784,85228,1338,57686,338776,102629,573,,54940
2021-01-04,England,E92000001,26626,3587,70919,758,350909,370,61534,1519,68807,305400,109679,593,,53180
2021-01-03,England,E92000001,24957,3351,50663,653,327928,392,53527,1085,49151,329722,53103,427,,46853
2021-01-02,England,E92000001,23557,3145,55429,672,298282,349,50475,1058,53938,301039,48798,433,,49248
2021-01-01,England,E92000001,22534,3010,28879,644,311648,613,50253,261,28458,347130,15486,160,,50746
2020-12-31,England,E92000001,22728,2536,47824,653,375375,820,63969,851,46510,386988,53477,463,,49510
2020-12-30,England,E92000001,22713,2861,64243,627,279017,919,67992,943,62840,290256,58824,460,,43554
2020-12-29,England,E92000001,21787,2886,74057,581,228615,360,53771,1060,72554,227474,57232,443,,47164
2020-12-28,England,E92000001,20426,2795,40845,591,270010,322,48095,511,40110,290777,28699,224,,36511
2020-12-27,England,E92000001,19277,2572,43249,581,273600,246,45330,458,42580,299256,20406,211,,25619
2020-12-26,England,E92000001,18350,2298,37461,570,191134,175,34955,198,37162,219876,7902,101,,31307
2020-12-25,England,E92000001,17701,1952,12926,540,272021,570,37949,57,12819,305380,5578,50,,31560
2020-12-24,England,E92000001,18227,1795,29287,488,350486,468,64776,331,28652,380298,42744,304,,35561
2020-12-23,England,E92000001,17834,1980,38383,482,363140,625,71751,467,37560,387803,62299,356,,34247
2020-12-22,England,E92000001,18063,2203,41742,491,307705,608,76590,474,41017,346925,49078,251,,32288
2020-12-21,England,E92000001,17709,2115,43447,497,301141,198,57597,457,42760,328110,39662,230,,28742
2020-12-20,England,E92000001,16633,1976,29554,429,294284,241,58073,279,29164,334355,23449,111,,32155
2020-12-19,England,E92000001,16183,1812,22195,413,315958,441,68787,260,21792,367617,21847,143,,22775
2020-12-18,England,E92000001,15866,1672,32427,434,253308,403,73617,266,32033,299550,31969,128,,24452
2020-12-17,England,E92000001,15741,1873,30157,440,241983,438,75199,222,29830,296428,23777,105,,22401
2020-12-16,England,E92000001,15465,1796,30653,354,173462,537,77413,212,30345,232913,20728,96,,23432
2020-12-15,England,E92000001,15031,1730,29657,390,182203,467,80071,174,29416,244507,19333,67,,16504
2020-12-14,England,E92000001,15053,1746,30023,412,180386,194,59575,168,29792,218554,22666,63,,17882
2020-12-13,England,E92000001,14460,1581,18411,366,217112,138,56060,79,18307,264545,9404,25,,17164
2020-12-12,England,E92000001,13927,1587,16275,375,250867,440,65413,87,16161,305091,11841,27,,17468
2020-12-11,England,E92000001,13901,1450,20182,398,250926,353,70552,110,20000,292679,29010,72,,17899
2020-12-10,England,E92000001,13796,1524,18852,379,254172,419,72941,87,18711,305989,21254,54,,17622
2020-12-09,England,E92000001,13467,1550,17744,375,227947,451,79286,102,17583,268243,39044,59,,12960
2020-12-08,England,E92000001,13629,1528,16939,376,163589,538,74109,71,16818,201277,36551,50,,10459
2020-12-07,England,E92000001,13616,1466,17664,359,116426,177,58766,75,17538,140704,34645,51,,11623
2020-12-06,England,E92000001,13189,1311,11041,356,173238,201,51003,52,10964,203367,20867,25,,14294
2020-12-05,England,E92000001,12968,1186,10312,344,230995,344,63923,44,10228,267723,27270,40,,12666
2020-12-04,England,E92000001,12987,1248,13063,413,242882,424,70833,53,12968,270311,43483,42,,13412
2020-12-03,England,E92000001,12896,1337,12757,406,242595,328,72504,45,12672,280268,34890,40,,11992
2020-12-02,England,E92000001,13212,1262,13659,337,202061,555,77543,32,13589,252224,27732,38,,13323
2020-12-01,England,E92000001,13507,1271,13735,346,175055,531,74351,40,13660,220441,29451,35,,11618
2020-11-30,England,E92000001,13756,1216,15232,363,115677,189,55743,34,15156,141861,30073,42,,10869
2020-11-29,England,E92000001,13521,1215,9088,404,119481,194,50791,19,9054,163409,6854,15,,10054
2020-11-28,England,E92000001,13208,1065,9365,387,187509,397,61848,26,9322,242941,6431,17,,13323
2020-11-27,England,E92000001,13754,1055,12501,365,191959,451,69581,30,12432,250364,11476,39,,13557
2020-11-26,England,E92000001,13908,1198,12515,373,234108,411,70611,18,12473,295720,9083,24,,14637
2020-11-25,England,E92000001,14240,1415,14198,429,196525,604,75629,27,14146,262805,9613,25,,15893
2020-11-24,England,E92000001,14506,1277,14290,409,173219,535,81476,33,14234,246296,8636,23,,9854
2020-11-23,England,E92000001,14712,1385,16529,400,105740,194,58320,22,16478,152736,12458,29,,13329
2020-11-22,England,E92000001,14354,1333,10234,408,153430,370,50597,8,10211,198806,5241,15,,16668
2020-11-21,England,E92000001,14118,1255,10829,398,226566,266,64581,8,10805,284305,6878,16,,17615
2020-11-20,England,E92000001,14236,1316,14994,391,248122,436,68190,11,14936,307564,8826,47,,17845
2020-11-19,England,E92000001,14479,1484,15830,398,238736,416,73321,6,15782,303446,8744,42,,20291
2020-11-18,England,E92000001,14490,1571,18587,437,211629,423,77339,6,18543,280773,8194,38,,17189
2020-11-17,England,E92000001,14411,1491,20720,368,160700,518,74433,5,20652,225048,10241,63,,17549
2020-11-16,England,E92000001,14313,1560,24190,358,130759,191,57861,13,24117,178343,10324,60,,19423
2020-11-15,England,E92000001,13886,1467,14447,383,183978,143,53466,4,14398,231843,5665,45,,21998
2020-11-14,England,E92000001,13399,1388,16325,361,227116,396,62878,5,16265,282981,7116,55,,24298
2020-11-13,England,E92000001,13328,1433,22058,358,250067,280,71749,5,21963,311884,10046,90,,24540
2020-11-12,England,E92000001,12967,1666,22370,352,244963,469,73569,10,22301,307762,10919,59,,30843
2020-11-11,England,E92000001,12730,1711,25100,311,238429,478,75425,3,25031,301274,12699,66,,19970
2020-11-10,England,E92000001,12033,1592,24875,319,171196,460,74398,7,24824,233170,12528,44,,18622
2020-11-09,England,E92000001,12259,1551,28608,403,148688,175,57438,2,28555,196960,9211,51,,19036
2020-11-08,England,E92000001,11680,1488,18279,341,183436,127,51810,4,18218,228847,6466,57,,18293
2020-11-07,England,E92000001,11514,1319,16905,335,214954,328,59241,4,16877,266808,7370,24,,21875
2020-11-06,England,E92000001,11181,1182,21235,334,224875,303,68866,3,21210,289527,4208,22,,20268
2020-11-05,England,E92000001,10994,1346,21244,301,213754,297,67287,0,21243,280927,114,1,,21137
2020-11-04,England,E92000001,11037,1382,21081,278,172601,388,76353,0,21081,248797,158,0,,21863
2020-11-03,England,E92000001,10971,1246,22736,292,153645,359,62334,0,22736,215867,112,0,,17330
2020-11-02,England,E92000001,10397,1331,28472,287,106267,125,55472,0,28472,161725,14,0,,15860
2020-11-01,England,E92000001,9623,1280,13642,287,166125,132,47930,0,13642,214055,1,0,,20602
2020-10-31,England,E92000001,9782,1240,14594,282,181993,278,62463,1,14593,244456,0,0,,18864
2020-10-30,England,E92000001,9295,1109,19905,282,174948,226,62660,,19904,237540,68,1,,20821
2020-10-29,England,E92000001,9127,1345,20292,250,211547,214,60969,,20292,272510,8,0,,19740
2020-10-28,England,E92000001,9070,1239,20553,238,179272,236,69337,,20553,248562,50,0,,21245
2020-10-27,England,E92000001,8595,1190,20771,219,152304,322,68334,,20771,220636,2,0,,19629
2020-10-26,England,E92000001,7856,1279,23033,224,135497,90,51702,,23033,187193,3,0,,17883
2020-10-25,England,E92000001,7612,1186,13363,207,202721,137,51245,,13363,253965,4,0,,16487
2020-10-24,England,E92000001,7176,990,13742,170,184462,141,60952,,13742,245413,1,0,,19332
2020-10-23,England,E92000001,6842,997,18379,189,202690,188,69174,,18378,271853,4,1,,17116
2020-10-22,England,E92000001,6345,987,19888,187,204333,160,69594,,19888,273922,1,,,17354
2020-10-21,England,E92000001,6271,997,21833,191,170696,144,72366,,21833,243053,,,,22948
2020-10-20,England,E92000001,6072,925,21705,174,153908,213,66227,,21705,220135,,,,17814
2020-10-19,England,E92000001,5644,861,22423,159,145888,72,54556,,22423,200444,,,,16365
2020-10-18,England,E92000001,5202,870,12001,121,199077,59,47851,,12001,246928,,,,14704
2020-10-17,England,E92000001,5029,785,12493,162,179646,128,59077,,12493,238723,,,,13299
2020-10-16,England,E92000001,4854,632,14784,122,194363,120,63357,,14784,257720,,,,12176
2020-10-15,England,E92000001,4569,792,15461,124,169572,111,67267,,15461,236839,,,,16139
2020-10-14,England,E92000001,4313,706,16659,102,172121,108,66513,,16659,238634,,,,16132
2020-10-13,England,E92000001,4105,764,15679,87,147156,124,60229,,15679,207385,,,,14310
2020-10-12,England,E92000001,3827,664,16459,96,113616,43,47863,,16459,161479,,,,11647
2020-10-11,England,E92000001,3604,628,9792,104,163014,62,43535,,9792,206549,,,,10383
2020-10-10,England,E92000001,3369,515,10305,90,160559,54,57901,,10305,218460,,,,12628
2020-10-09,England,E92000001,3238,544,13169,68,174686,79,62863,,13169,237549,,,,10772
2020-10-08,England,E92000001,3179,513,15454,78,168744,70,60113,,15454,228857,,,,14952
2020-10-07,England,E92000001,3066,491,15420,81,135352,65,64416,,15420,199768,,,,11528
2020-10-06,England,E92000001,2903,524,14458,62,138045,63,64415,,14458,202460,,,,12648
2020-10-05,England,E92000001,2705,472,14220,59,151774,19,49364,,14220,201138,,,,10685
2020-10-04,England,E92000001,2435,478,9967,54,144926,32,45225,,9967,190151,,,,21309
2020-10-03,England,E92000001,2290,386,9820,55,170881,39,53368,,9820,224249,,,,10806
2020-10-02,England,E92000001,2180,371,11719,64,147368,58,60688,,11719,208056,,,,4797
2020-10-01,England,E92000001,2069,368,11445,56,143215,48,59893,,11445,203108,,,,5589
2020-09-30,England,E92000001,2036,328,10663,48,139425,62,64941,,10663,204366,,,,5656
2020-09-29,England,E92000001,1954,310,8833,43,120666,68,58870,,8833,179536,,,,5651
2020-09-28,England,E92000001,1955,308,8641,47,119633,13,50533,,8641,170166,,,,3316
2020-09-27,England,E92000001,1793,241,6084,44,148897,16,48428,,6084,197325,,,,4800
2020-09-26,England,E92000001,1689,245,5703,35,142793,30,57474,,5703,200267,,,,4639
2020-09-25,England,E92000001,1686,274,6105,30,158973,31,61807,,6105,220780,,,,5723
2020-09-24,England,E92000001,1546,288,6361,33,148894,37,61481,,6361,210375,,,,5632
2020-09-23,England,E92000001,1439,314,5933,52,132121,33,67479,,5933,199600,,,,5083
2020-09-22,England,E92000001,1378,268,5400,35,127177,36,61546,,5400,188723,,,,4187
2020-09-21,England,E92000001,1299,275,4727,24,111746,9,50347,,4727,162093,,,,3754
2020-09-20,England,E92000001,1174,237,4652,28,143545,18,47580,,4652,,,,,3279
2020-09-19,England,E92000001,1081,204,4215,18,151164,22,59280,,4215,,,,,3638
2020-09-18,England,E92000001,1020,205,4290,21,143544,23,66010,,4290,,,,,3771
2020-09-17,England,E92000001,984,199,3979,25,133978,18,64639,,3979,,,,,2788
2020-09-16,England,E92000001,929,183,3778,23,132918,17,68259,,3778,,,,,3396
2020-09-15,England,E92000001,891,194,3057,15,131580,25,62260,,3057,,,,,2649
2020-09-14,England,E92000001,812,172,2941,17,131781,7,46563,,2941,,,,,2259
2020-09-13,England,E92000001,691,153,1722,15,143011,5,42281,,1722,,,,,2837
2020-09-12,England,E92000001,663,143,2224,18,132383,9,53019,,2224,,,,,3008
2020-09-11,England,E92000001,622,135,2893,10,146607,6,54903,,2893,,,,,3143
2020-09-10,England,E92000001,572,143,3143,12,138437,13,54415,,3143,,,,,2578
2020-09-09,England,E92000001,557,136,2893,10,111755,8,60550,,2893,,,,,2286
2020-09-08,England,E92000001,535,99,3071,10,104703,27,53739,,3071,,,,,2094
2020-09-07,England,E92000001,555,84,3530,13,107697,2,41909,,3530,,,,,2528
2020-09-06,England,E92000001,483,85,2079,9,107859,2,36995,,2079,,,,,2576
2020-09-05,England,E92000001,471,94,2200,12,88631,11,47526,,2200,,,,,1477
2020-09-04,England,E92000001,474,67,2637,8,107382,9,52929,,2637,,,,,1669
2020-09-03,England,E92000001,468,69,2716,6,99331,11,50562,,2716,,,,,1507
2020-09-02,England,E92000001,451,79,2696,9,94034,7,53229,,2696,,,,,1239
2020-09-01,England,E92000001,496,58,1962,4,83091,2,41192,,1962,,,,,1041
2020-08-31,England,E92000001,495,52,1279,8,95735,2,31938,,1279,,,,,1149
2020-08-30,England,E92000001,479,38,987,6,95713,1,35466,,987,,,,,1487
2020-08-29,England,E92000001,478,52,1051,5,94721,12,37698,,1051,,,,,891
2020-08-28,England,E92000001,469,44,1395,9,91445,9,45353,,1395,,,,,1106
2020-08-27,England,E92000001,492,69,1356,10,105671,10,45849,,1356,,,,,1350
2020-08-26,England,E92000001,485,52,1181,11,97547,13,50486,,1181,,,,,875
2020-08-25,England,E92000001,500,60,1085,11,79312,16,50386,,1085,,,,,1065
2020-08-24,England,E92000001,522,41,1157,5,73828,3,37099,,1157,,,,,758
2020-08-23,England,E92000001,522,44,704,15,100560,4,35026,,704,,,,,938
2020-08-22,England,E92000001,594,25,732,7,96520,17,43402,,732,,,,,1060
2020-08-21,England,E92000001,528,49,1031,7,106695,2,47642,,1031,,,,,908
2020-08-20,England,E92000001,551,45,1254,8,99711,6,47689,,1254,,,,,1035
2020-08-19,England,E92000001,571,58,1109,3,98085,15,51791,,1109,,,,,707
2020-08-18,England,E92000001,597,56,955,7,82980,11,50560,,955,,,,,975
2020-08-17,England,E92000001,626,46,1159,12,82869,3,36880,,1159,,,,,634
2020-08-16,England,E92000001,634,39,534,4,106645,3,35032,,534,,,,,952
2020-08-15,England,E92000001,630,38,656,11,106998,2,44131,,656,,,,,934
2020-08-14,England,E92000001,642,55,1059,6,96784,10,43910,,1059,,,,,1284
2020-08-13,England,E92000001,652,60,1036,7,87430,18,46960,,1036,,,,,1059
2020-08-12,England,E92000001,642,51,1126,6,97792,15,51213,,1126,,,,,925
2020-08-11,England,E92000001,672,63,1247,10,77361,11,48577,,1247,,,,,1035
2020-08-10,England,E92000001,714,50,1375,11,77628,17,37439,,1375,,,,,699
2020-08-09,England,E92000001,611,53,569,9,93103,5,35164,,569,,,,,988
2020-08-08,England,E92000001,650,78,648,11,85425,2,42524,,648,,,,,679
2020-08-07,England,E92000001,711,60,892,8,88693,5,47294,,892,,,,,796
2020-08-06,England,E92000001,756,52,1005,9,90624,15,50660,,1005,,,,,826
2020-08-05,England,E92000001,805,60,974,3,77672,12,51326,,974,,,,,804
2020-08-04,England,E92000001,807,58,964,10,74139,17,48494,,964,,,,,617
2020-08-03,England,E92000001,842,74,963,15,73029,1,37701,,963,,,,,856
2020-08-02,England,E92000001,847,57,518,8,70176,2,35388,,518,,,,,676
2020-08-01,England,E92000001,879,50,508,9,76164,11,39775,,508,,,,,722
2020-07-31,England,E92000001,870,55,644,10,79840,14,43534,,644,,,,,814
2020-07-30,England,E92000001,898,75,879,8,85403,0,46212,,879,,,,,812
2020-07-29,England,E92000001,927,63,994,8,75507,29,47809,,994,,,,,700
2020-07-28,England,E92000001,944,69,796,10,69112,21,46612,,796,,,,,547
2020-07-27,England,E92000001,945,82,824,11,33458,3,35561,,824,,,,,616
2020-07-26,England,E92000001,965,64,518,15,55895,7,32168,,518,,,,,721
2020-07-25,England,E92000001,977,65,499,14,78642,15,39428,,499,,,,,710
2020-07-24,England,E92000001,1018,93,720,6,78792,32,41348,,720,,,,,688
2020-07-23,England,E92000001,1095,109,741,16,66867,9,42971,,741,,,,,702
2020-07-22,England,E92000001,1305,82,764,17,67128,16,46700,,764,,,,,519
2020-07-21,England,E92000001,1188,79,697,19,62617,25,45084,,697,,,,,399
2020-07-20,England,E92000001,1278,86,769,12,35623,10,35450,,769,,,,,535
2020-07-19,England,E92000001,1301,72,419,14,55034,10,31799,,419,,,,,672
2020-07-18,England,E92000001,1321,48,473,14,70439,9,36825,,473,,,,,796
2020-07-17,England,E92000001,1346,83,548,18,95722,25,42077,,548,,,,,635
2020-07-16,England,E92000001,1348,114,644,12,87046,23,42297,,644,,,,,597
2020-07-15,England,E92000001,1489,116,726,20,70926,24,45695,,726,,,,,506
2020-07-14,England,E92000001,1506,122,661,20,54886,42,45491,,661,,,,,372
2020-07-13,England,E92000001,1612,137,694,23,30479,8,33719,,694,,,,,497
2020-07-12,England,E92000001,1611,72,351,13,,9,27553,,351,,,,,615
2020-07-11,England,E92000001,1640,97,433,20,,16,39995,,433,,,,,806
2020-07-10,England,E92000001,1746,104,524,22,,34,41164,,524,,,,,480
2020-07-09,England,E92000001,1801,136,688,35,,29,39479,,688,,,,,617
2020-07-08,England,E92000001,1888,141,682,23,,52,43323,,682,,,,,606
2020-07-07,England,E92000001,2010,148,564,26,,50,41250,,564,,,,,572
2020-07-06,England,E92000001,2099,150,664,34,,11,33708,,664,,,,,331
2020-07-05,England,E92000001,2100,131,544,24,,18,28813,,544,,,,,492
2020-07-04,England,E92000001,2152,120,385,31,,27,34156,,385,,,,,579
2020-07-03,England,E92000001,2294,146,536,26,,45,39783,,536,,,,,502
2020-07-02,England,E92000001,2410,149,561,40,,31,39436,,561,,,,,523
2020-07-01,England,E92000001,2509,201,607,22,,90,42102,,607,,,,,177
2020-06-30,England,E92000001,2665,189,578,43,,47,40093,,578,,,,,196
2020-06-29,England,E92000001,3024,172,666,34,,17,31973,,666,,,,,99
2020-06-28,England,E92000001,2818,155,413,42,,28,23778,,413,,,,,142
2020-06-27,England,E92000001,2819,209,506,39,,34,33290,,506,,,,,192
2020-06-26,England,E92000001,2859,248,640,37,,76,36221,,640,,,,,175
2020-06-25,England,E92000001,3066,256,643,58,,91,33782,,643,,,,,261
2020-06-24,England,E92000001,3223,262,732,67,,74,35870,,732,,,,,107
2020-06-23,England,E92000001,3288,275,727,62,,84,38095,,727,,,,,210
2020-06-22,England,E92000001,3417,318,821,58,,13,29893,,821,,,,,178
2020-06-21,England,E92000001,3373,215,550,47,,30,23187,,550,,,,,215
2020-06-20,England,E92000001,3423,184,626,54,,67,28203,,626,,,,,324
2020-06-19,England,E92000001,3575,253,818,47,,73,34530,,818,,,,,323
2020-06-18,England,E92000001,3681,312,938,57,,60,33806,,938,,,,,281
2020-06-17,England,E92000001,3826,334,914,54,,90,35097,,914,,,,,252
2020-06-16,England,E92000001,3934,354,996,69,,106,35300,,996,,,,,252
2020-06-15,England,E92000001,3920,365,944,63,,25,28149,,944,,,,,219
2020-06-14,England,E92000001,3973,306,752,76,,23,23632,,752,,,,,292
2020-06-13,England,E92000001,4000,265,785,53,,94,30577,,785,,,,,372
2020-06-12,England,E92000001,4136,298,938,73,,117,30837,,938,,,,,392
2020-06-11,England,E92000001,4179,330,915,71,,64,31130,,915,,,,,304
2020-06-10,England,E92000001,4447,402,1086,97,,143,34290,,1086,,,,,63
2020-06-09,England,E92000001,4665,397,1066,85,,179,35187,,1066,,,,,651
2020-06-08,England,E92000001,4830,348,990,112,,44,25035,,990,,,,,92
2020-06-07,England,E92000001,4820,323,668,113,,49,23540,,668,,,,,228
2020-06-06,England,E92000001,5004,306,723,98,,126,27694,,723,,,,,422
2020-06-05,England,E92000001,5213,380,1020,109,,239,29469,,1020,,,,,451
2020-06-04,England,E92000001,5398,458,1147,121,,112,30907,,1147,,,,,431
2020-06-03,England,E92000001,5600,491,1251,138,,218,31443,,1251,,,,,462
2020-06-02,England,E92000001,5827,553,1365,155,,228,30828,,1365,,,,,444
2020-06-01,England,E92000001,5954,522,1318,122,,79,23240,,1318,,,,,294
2020-05-31,England,E92000001,5933,446,984,113,,39,21332,,984,,,,,320
2020-05-30,England,E92000001,5972,466,1010,145,,117,24823,,1010,,,,,715
2020-05-29,England,E92000001,6250,499,1374,163,,246,30139,,1374,,,,,560
2020-05-28,England,E92000001,6528,570,1575,182,,315,29609,,1575,,,,,519
2020-05-27,England,E92000001,6836,589,1616,171,,396,29148,,1616,,,,,609
2020-05-26,England,E92000001,7305,578,1461,189,,105,22511,,1461,,,,,492
2020-05-25,England,E92000001,7448,498,1389,175,,86,19845,,1389,,,,,494
2020-05-24,England,E92000001,7415,497,1206,169,,362,19911,,1206,,,,,584
2020-05-23,England,E92000001,7428,504,1308,200,,197,25548,,1308,,,,,979
2020-05-22,England,E92000001,7761,638,1798,195,,257,28480,,1798,,,,,1083
2020-05-21,England,E92000001,7903,715,2277,201,,220,30671,,2277,,,,,854
2020-05-20,England,E92000001,8115,732,2359,234,,259,30817,,2359,,,,,824
2020-05-19,England,E92000001,8518,752,2602,231,,447,28611,,2602,,,,,857
2020-05-18,England,E92000001,8668,733,2226,253,,134,23107,,2226,,,,,816
2020-05-17,England,E92000001,8611,673,1593,223,,43,19574,,1593,,,,,788
2020-05-16,England,E92000001,8643,671,1781,268,,348,25494,,1781,,,,,1136
2020-05-15,England,E92000001,9079,738,2145,269,,280,29335,,2145,,,,,1112
2020-05-14,England,E92000001,9231,763,2222,277,,303,26159,,2222,,,,,1189
2020-05-13,England,E92000001,9602,804,2899,256,,362,25114,,2899,,,,,1146
2020-05-12,England,E92000001,9791,844,2940,275,,539,26006,,2940,,,,,1067
2020-05-11,England,E92000001,10109,866,3088,260,,174,20796,,3088,,,,,891
2020-05-10,England,E92000001,9893,756,2013,300,,190,21548,,2013,,,,,1007
2020-05-09,England,E92000001,10176,798,1797,330,,226,22738,,1797,,,,,1349
2020-05-08,England,E92000001,10249,743,2622,330,,498,27174,,2622,,,,,1694
2020-05-07,England,E92000001,10726,998,3205,399,,377,27820,,3205,,,,,2133
2020-05-06,England,E92000001,11227,1040,3264,391,,529,27203,,3264,,,,,1611
2020-05-05,England,E92000001,11754,959,3148,392,,639,27270,,3148,,,,,1842
2020-05-04,England,E92000001,12020,1063,2851,412,,247,22381,,2851,,,,,1485
2020-05-03,England,E92000001,12119,1044,2648,388,,222,21097,,2648,,,,,2019
2020-05-02,England,E92000001,12314,980,2762,424,,485,23664,,2762,,,,,2228
2020-05-01,England,E92000001,12623,1081,4109,479,,623,33408,,4109,,,,,2501
2020-04-30,England,E92000001,12922,1227,4314,484,,543,34807,,4314,,,,,2484
2020-04-29,England,E92000001,13224,1295,4737,494,,604,27283,,4737,,,,,1403
2020-04-28,England,E92000001,13565,1296,4114,498,,862,19526,,4114,,,,,1989
2020-04-27,England,E92000001,14255,1344,4056,506,,289,13097,,4056,,,,,2264
2020-04-26,England,E92000001,14174,1208,3137,560,,327,14699,,3137,,,,,2152
2020-04-25,England,E92000001,14202,1080,3381,555,,729,14835,,3381,,,,,2826
2020-04-24,England,E92000001,14642,1277,4352,603,,821,17489,,4352,,,,,3004
2020-04-23,England,E92000001,15402,1289,4575,595,,594,16947,,4575,,,,,3084
2020-04-22,England,E92000001,16018,1310,4812,643,,725,16233,,4812,,,,,3020
2020-04-21,England,E92000001,16517,1495,3995,651,,1116,16444,,3995,,,,,3087
2020-04-20,England,E92000001,16654,1522,3698,685,,536,12542,,3698,,,,,2401
2020-04-19,England,E92000001,16928,1475,3494,686,,380,11284,,3494,,,,,3607
2020-04-18,England,E92000001,16850,1411,4141,706,,1004,13849,,4141,,,,,3548
2020-04-17,England,E92000001,16728,1674,4088,742,,826,14618,,4088,,,,,3985
2020-04-16,England,E92000001,17783,1777,4360,754,,906,15517,,4360,,,,,3118
2020-04-15,England,E92000001,17934,1608,4240,782,,730,13704,,4240,,,,,3188
2020-04-14,England,E92000001,18552,1859,3568,768,,1007,11637,,3568,,,,,3854
2020-04-13,England,E92000001,18621,1912,3463,805,,694,10033,,3463,,,,,2999
2020-04-12,England,E92000001,18974,1791,2958,857,,604,10374,,2958,,,,,3672
2020-04-11,England,E92000001,18604,1955,3085,864,,745,12540,,3085,,,,,3841
2020-04-10,England,E92000001,18669,2196,3590,850,,1035,13400,,3590,,,,,4263
2020-04-09,England,E92000001,18423,2340,4076,874,,990,14543,,4076,,,,,3798
2020-04-08,England,E92000001,18152,2619,4315,976,,922,13529,,4315,,,,,4788
2020-04-07,England,E92000001,17814,2744,4605,910,,1009,10917,,4605,,,,,2978
2020-04-06,England,E92000001,17154,2679,4407,806,,531,11065,,4407,,,,,3176
2020-04-05,England,E92000001,16657,2592,3094,829,,578,9747,,3094,,,,,5107
2020-04-04,England,E92000001,15469,2593,3405,838,,689,11085,,3405,,,,,2910
2020-04-03,England,E92000001,13635,2564,4101,743,,654,10984,,4101,,,,,3576
2020-04-02,England,E92000001,12135,2932,4097,732,,603,11764,,4097,,,,,3583
2020-04-01,England,E92000001,12059,3099,4150,698,,613,10314,,4150,,,,,3630
2020-03-31,England,E92000001,11154,2447,3816,604,,368,10412,,3816,,,,,2414
2020-03-30,England,E92000001,9852,2817,3514,539,,353,,,3514,,,,,2107
2020-03-29,England,E92000001,8424,2186,2449,464,,195,,,2449,,,,,2060
2020-03-28,England,E92000001,7269,1873,2379,384,,279,,,2379,,,,,2139
2020-03-27,England,E92000001,6462,1931,2672,374,,271,,,2672,,,,,2506
2020-03-26,England,E92000001,5226,1639,2633,337,,169,,,2633,,,,,1809
2020-03-25,England,E92000001,4402,1755,2284,278,,178,,,2284,,,,,1130
2020-03-24,England,E92000001,3598,1544,2042,219,,143,,,2042,,,,,1258
2020-03-23,England,E92000001,3183,1128,2011,173,,67,,,2011,,,,,793
2020-03-22,England,E92000001,2670,859,1214,153,,24,,,1214,,,,,535
2020-03-21,England,E92000001,2152,777,1038,116,,54,,,1038,,,,,873
2020-03-20,England,E92000001,1580,691,1095,102,,32,,,1095,,,,,628
2020-03-19,England,E92000001,,586,934,66,,42,,,934,,,,,574
2020-03-18,England,E92000001,,,911,67,,33,,,911,,,,,625
2020-03-17,England,E92000001,,,683,50,,15,,,683,,,,,361
2020-03-16,England,E92000001,,,552,43,,22,,,552,,,,,97
2020-03-15,England,E92000001,,,398,32,,14,,,398,,,,,253
2020-03-14,England,E92000001,,,315,20,,18,,,315,,,,,201
2020-03-13,England,E92000001,,,401,16,,1,,,401,,,,,159
2020-03-12,England,E92000001,,,421,12,,2,,,421,,,,,99
2020-03-11,England,E92000001,,,358,8,,0,,,358,,,,,63
2020-03-10,England,E92000001,,,229,3,,4,,,229,,,,,46
2020-03-09,England,E92000001,,,127,5,,1,,,127,,,,,40
2020-03-08,England,E92000001,,,50,3,,0,,,50,,,,,58
2020-03-07,England,E92000001,,,55,0,,1,,,55,,,,,39
2020-03-06,England,E92000001,,,74,0,,1,,,74,,,,,39
2020-03-05,England,E92000001,,,46,3,,,,,46,,,,,25
2020-03-04,England,E92000001,,,49,0,,,,,49,,,,,32
2020-03-03,England,E92000001,,,52,2,,,,,52,,,,,11
2020-03-02,England,E92000001,,,40,1,,,,,40,,,,,4
2020-03-01,England,E92000001,,,18,,,,,,18,,,,,12
2020-02-29,England,E92000001,,,4,,,,,,4,,,,,3
2020-02-28,England,E92000001,,,11,,,,,,11,,,,,5
2020-02-27,England,E92000001,,,7,,,,,,7,,,,,0
2020-02-26,England,E92000001,,,1,,,,,,1,,,,,0
2020-02-25,England,E92000001,,,3,,,,,,3,,,,,0
2020-02-24,England,E92000001,,,2,,,,,,2,,,,,4
2020-02-23,England,E92000001,,,6,,,,,,6,,,,,0
2020-02-22,England,E92000001,,,0,,,,,,0,,,,,0
2020-02-21,England,E92000001,,,2,,,,,,2,,,,,0
2020-02-20,England,E92000001,,,0,,,,,,0,,,,,0
2020-02-19,England,E92000001,,,0,,,,,,0,,,,,0
2020-02-18,England,E92000001,,,0,,,,,,0,,,,,0
2020-02-17,England,E92000001,,,1,,,,,,1,,,,,0
2020-02-16,England,E92000001,,,0,,,,,,0,,,,,0
2020-02-15,England,E92000001,,,0,,,,,,0,,,,,0
2020-02-14,England,E92000001,,,0,,,,,,0,,,,,0
2020-02-13,England,E92000001,,,1,,,,,,1,,,,,1
2020-02-12,England,E92000001,,,1,,,,,,1,,,,,0
2020-02-11,England,E92000001,,,4,,,,,,4,,,,,0
2020-02-10,England,E92000001,,,1,,,,,,1,,,,,4
2020-02-09,England,E92000001,,,1,,,,,,1,,,,,1
2020-02-08,England,E92000001,,,3,,,,,,3,,,,,0
2020-02-07,England,E92000001,,,0,,,,,,0,,,,,0
2020-02-06,England,E92000001,,,0,,,,,,0,,,,,1
2020-02-05,England,E92000001,,,1,,,,,,1,,,,,0
2020-02-04,England,E92000001,,,0,,,,,,0,,,,,0
2020-02-03,England,E92000001,,,18,,,,,,18,,,,,0
2020-02-02,England,E92000001,,,1,,,,,,1,,,,,0
2020-02-01,England,E92000001,,,0,,,,,,0,,,,,0
2020-01-31,England,E92000001,,,0,,,,,,0,,,,,2
2020-01-30,England,E92000001,,,1,,,,,,1,,,,,

